poi_id,poi_type,poi_subtype,name,address_new,address_new_precision,new_ward,new_ward_code,new_province,address_old,old_ward,old_district,old_province,latitude,longitude,location_precision,geocode_confidence,source,updated_at,manual_review_required
market:6,cho,Chợ truyền thống,Chợ An Bình,"Chợ An Bình, An Phú, Thủ Đức, Hồ Chí Minh",street_from_goong,Phường An Khánh,27094,Thành phố Hồ Chí Minh,"An Phú, TP Thủ Đức, Thành phố Hồ Chí Minh",An Phú,TP Thủ Đức,Thành phố Hồ Chí Minh,10.8120787,106.7550238,Goong Place Detail (POI),high,Danh mục chợ TP.HCM + Goong,2026-09-20T13:44:00+07:00,false
market:80,cho,Chợ truyền thống,Chợ An Dương Vương,"Khu Dân Cư An Dương Vương, 31 Ngõ Số 2, Phường 16, Quận 8, Thành Phố Hồ Chí Minh",street_from_goong,Phường Bình Đông,27424,Thành phố Hồ Chí Minh,"10, 6, Thành phố Hồ Chí Minh",10,6,Thành phố Hồ Chí Minh,10.712034,106.619905,Goong Geocode (địa chỉ),medium,Danh mục chợ TP.HCM + Goong,2026-09-20T13:44:00+07:00,false
market:158,cho,Chợ truyền thống,Chợ An Hội,"Chợ An Hội, 1084 Quang Trung, Phường 8, Gò Vấp, Hồ Chí Minh",street_from_goong,Phường Thông Tây Hội,26898,Thành phố Hồ Chí Minh,"8, Gò Vấp, Thành phố Hồ Chí Minh",8,Gò Vấp,Thành phố Hồ Chí Minh,10.841483711000024,106.64447379800004,Goong Place Detail (POI),high,Danh mục chợ TP.HCM + Goong,2026-09-20T13:44:00+07:00,false
market:140,cho,Chợ truyền thống,Chợ An Lạc,"Chợ An Lạc, 357 Kinh Dương Vương, An Lạc, Bình Tân, Hồ Chí Minh",street_from_goong,Phường An Lạc,27460,Thành phố Hồ Chí Minh,"An Lạc, Bình Tân, Thành phố Hồ Chí Minh",An Lạc,Bình Tân,Thành phố Hồ Chí Minh,10.742236671000057,106.61995569100009,Goong Place Detail (POI),high,Danh mục chợ TP.HCM + Goong,2026-09-20T13:44:00+07:00,false
market:162,cho,Chợ truyền thống,Chợ An Nhơn,"Chợ An Nhơn, 6 Lê Đức Thọ, Phường 17, Gò Vấp, Hồ Chí Minh",street_from_goong,Phường Gò Vấp,26884,Thành phố Hồ Chí Minh,"17, Gò Vấp, Thành phố Hồ Chí Minh",17,Gò Vấp,Thành phố Hồ Chí Minh,10.841202356000053,106.67718253500004,Goong Place Detail (POI),high,Danh mục chợ TP.HCM + Goong,2026-09-20T13:44:00+07:00,false
market:227,cho,Chợ truyền thống,Chợ An Nhơn Tây,"UBND xã An Nhơn Tây, 1407 Tỉnh Lộ 7, Ấp Chợ, An Nhơn Tây, Củ Chi, Hồ Chí Minh",street_from_goong,Xã An Nhơn Tây,27508,Thành phố Hồ Chí Minh,"An Nhơn Tây, Củ Chi, Thành phố Hồ Chí Minh",An Nhơn Tây,Củ Chi,Thành phố Hồ Chí Minh,11.087830610000026,106.51253745800005,Goong Geocode (địa chỉ),medium,Danh mục chợ TP.HCM + Goong,2026-09-20T13:44:00+07:00,false
market:218,cho,Chợ truyền thống,Chợ An Phú (Trụ Vàng),"An Hòa, An Phú, Củ Chi, Hồ Chí Minh",street_from_goong,Xã An Nhơn Tây,27508,Thành phố Hồ Chí Minh,"An Phú, Củ Chi, Thành phố Hồ Chí Minh",An Phú,Củ Chi,Thành phố Hồ Chí Minh,11.111520969000026,106.49388414800006,Goong Geocode (địa chỉ),medium,Danh mục chợ TP.HCM + Goong,2026-09-20T13:44:00+07:00,false
market:132,cho,Chợ truyền thống,Chợ An Phú Đông,"Chợ An Phú Đông, 232 Vườn Lài, An Phú Đông, Quận 12, Thành phố Hồ Chí Minh",street_from_goong,Phường An Phú Đông,26767,Thành phố Hồ Chí Minh,"An Phú Đông, 12, Thành phố Hồ Chí Minh",An Phú Đông,12,Thành phố Hồ Chí Minh,10.8597576,106.6920626,Goong Place Detail (POI),high,Danh mục chợ TP.HCM + Goong,2026-09-20T13:44:00+07:00,false
market:131,cho,Chợ truyền thống,Chợ An Sương,"Chợ An Sương, Đường Dn 1, Phường Tân Hưng Thuận, Quận 12, Thành Phố Hồ Chí Minh",street_from_goong,Phường Trung Mỹ Tây,26785,Thành phố Hồ Chí Minh,"Tân Hưng Thuận, 12, Thành phố Hồ Chí Minh",Tân Hưng Thuận,12,Thành phố Hồ Chí Minh,10.846375,106.620847,Goong Place Detail (POI),high,Danh mục chợ TP.HCM + Goong,2026-09-20T13:44:00+07:00,false
market:210,cho,Chợ truyền thống,Chợ An Thới Đông,"An Bình, An Tịnh, Thành phố Hồ Chí Minh, Tây Ninh",street_from_goong,Xã Thái Mỹ,27526,Thành phố Hồ Chí Minh,"An Thới Đông, Cần Giờ, Thành phố Hồ Chí Minh",An Thới Đông,Cần Giờ,Thành phố Hồ Chí Minh,11.0333493,106.3787583,Goong Geocode (địa chỉ),medium,Danh mục chợ TP.HCM + Goong,2026-09-20T13:44:00+07:00,false
market:71,cho,Chợ truyền thống,Chợ An Đông,"Chợ An Đông, 34-36 An Dương Vương, Phường 9, Quận 5, Hồ Chí Minh",street_from_goong,Phường An Đông,27316,Thành phố Hồ Chí Minh,"9, 5, Thành phố Hồ Chí Minh",9,5,Thành phố Hồ Chí Minh,10.75809496900007,106.67219728800006,Goong Place Detail (POI),high,Danh mục chợ TP.HCM + Goong,2026-09-20T13:44:00+07:00,false
market:104,cho,Chợ truyền thống,Chợ Ba Đình,"Chợ Ba Đình, 66C Ba Đình, Phường 10, Quận 8, Hồ Chí Minh",street_from_goong,Phường Chánh Hưng,27418,Thành phố Hồ Chí Minh,"10, 8, Thành phố Hồ Chí Minh",10,8,Thành phố Hồ Chí Minh,10.748265802000049,106.66843375600007,Goong Place Detail (POI),high,Danh mục chợ TP.HCM + Goong,2026-09-20T13:44:00+07:00,false
market:151,cho,Chợ truyền thống,Chợ Bà Chiểu,"Chợ Bà Chiểu, 39 Diên Hồng, Phường 1, Bình Thạnh, Hồ Chí Minh",street_from_goong,Phường Gia Định,26944,Thành phố Hồ Chí Minh,"1, Bình Thạnh, Thành phố Hồ Chí Minh",1,Bình Thạnh,Thành phố Hồ Chí Minh,10.80053,106.699264,Goong Place Detail (POI),high,Danh mục chợ TP.HCM + Goong,2026-09-20T13:44:00+07:00,false
market:251,cho,Chợ truyền thống,Chợ Bà Chồi,"Chợ Bà Chồi, Hẻm 348 Nguyễn Văn Tạo, Long Thới, Nhà Bè, Hồ Chí Minh",street_from_goong,Xã Hiệp Phước,27658,Thành phố Hồ Chí Minh,"Long Thới, Nhà Bè, Thành phố Hồ Chí Minh",Long Thới,Nhà Bè,Thành phố Hồ Chí Minh,10.65046404800006,106.72991098100005,Goong Place Detail (POI),high,Danh mục chợ TP.HCM + Goong,2026-09-20T13:44:00+07:00,false
market:145,cho,Chợ truyền thống,Chợ Bà Hom,"Chợ Bà Hom, 37 Lộ Tẻ, Tân Tạo A, Bình Tân, Thành phố Hồ Chí Minh",street_from_goong,Phường Bình Tân,27442,Thành phố Hồ Chí Minh,"Tân Tạo A, Bình Tân, Thành phố Hồ Chí Minh",Tân Tạo A,Bình Tân,Thành phố Hồ Chí Minh,10.7525784,106.5908813,Goong Place Detail (POI),high,Danh mục chợ TP.HCM + Goong,2026-09-20T13:44:00+07:00,false
market:202,cho,Chợ truyền thống,Chợ Bà Lát,"Chợ Bà Lát, 1A/246/4 Trần Văn Giàu, Phạm Văn Hai, Bình Chánh, Hồ Chí Minh",street_from_goong,Xã Tân Vĩnh Lộc,27604,Thành phố Hồ Chí Minh,"Phạm Văn Hai, Bình Chánh, Thành phố Hồ Chí Minh",Phạm Văn Hai,Bình Chánh,Thành phố Hồ Chí Minh,10.770933784000022,106.55135246300006,Goong Place Detail (POI),high,Danh mục chợ TP.HCM + Goong,2026-09-20T13:44:00+07:00,false
market:243,cho,Chợ truyền thống,Chợ Bà Điểm,"Pharmacy Quang Huy, 1/4 Phan Văn Hớn, ấp Trung Lân, Bà Điểm, Hóc Môn, Hồ Chí Minh",street_from_goong,Xã Bà Điểm,27592,Thành phố Hồ Chí Minh,"Bà Điểm, Hóc Môn, Thành phố Hồ Chí Minh",Bà Điểm,Hóc Môn,Thành phố Hồ Chí Minh,10.8389854,106.6008906,Goong Geocode (địa chỉ),medium,Danh mục chợ TP.HCM + Goong,2026-09-20T13:44:00+07:00,false
market:49,cho,Chợ truyền thống,Chợ Bàn Cờ,"Chợ Bàn Cờ, 664/2 Nguyễn Đình Chiểu, Phường 3, Quận 3, Hồ Chí Minh",street_from_goong,Phường Bàn Cờ,27154,Thành phố Hồ Chí Minh,"3, 3, Thành phố Hồ Chí Minh",3,3,Thành phố Hồ Chí Minh,10.768547450000028,106.68042101000009,Goong Place Detail (POI),high,Danh mục chợ TP.HCM + Goong,2026-09-20T13:44:00+07:00,false
market:181,cho,Chợ truyền thống,Chợ Bàu Cát,"Chợ Bàu Cát, 85 Đ. Nguyễn Hồng Đào, Phường 14, Tân Bình, Hồ Chí Minh",street_from_goong,Phường Tân Bình,27004,Thành phố Hồ Chí Minh,"14, Tân Bình, Thành phố Hồ Chí Minh",14,Tân Bình,Thành phố Hồ Chí Minh,10.7917707,106.6418104,Goong Place Detail (POI),high,Danh mục chợ TP.HCM + Goong,2026-09-20T13:44:00+07:00,false
market:63,cho,Chợ truyền thống,Chợ Bàu Sen,"Chợ Bàu Sen, 26 Hẻm 138 Nguyễn Trãi, Phường 3, Quận 5, Hồ Chí Minh",street_from_goong,Phường Chợ Quán,27301,Thành phố Hồ Chí Minh,"3, 5, Thành phố Hồ Chí Minh",3,5,Thành phố Hồ Chí Minh,10.75829780500004,106.67846927100004,Goong Place Detail (POI),high,Danh mục chợ TP.HCM + Goong,2026-09-20T13:44:00+07:00,false
market:99,cho,Chợ truyền thống,Chợ Bình An,"Chợ Bình An, Phạm Thế Hiển, Phường 6, Quận 8, Hồ Chí Minh",street_from_goong,Phường Bình Đông,27424,Thành phố Hồ Chí Minh,"6, 8, Thành phố Hồ Chí Minh",6,8,Thành phố Hồ Chí Minh,10.733447273000024,106.64393901300008,Goong Place Detail (POI),high,Danh mục chợ TP.HCM + Goong,2026-09-20T13:44:00+07:00,false
market:192,cho,Chợ truyền thống,Chợ Bình Chánh,"Chợ Bình Chánh, Quốc Lộ 1A, Bình Chánh, Bình Chánh, Hồ Chí Minh",street_from_goong,Xã Bình Chánh,27637,Thành phố Hồ Chí Minh,"Bình Chánh, Bình Chánh, Thành phố Hồ Chí Minh",Bình Chánh,Bình Chánh,Thành phố Hồ Chí Minh,10.665873227000077,106.57159023900005,Goong Place Detail (POI),high,Danh mục chợ TP.HCM + Goong,2026-09-20T13:44:00+07:00,false
market:136,cho,Chợ truyền thống,Chợ Bình Hưng Hòa,"Chợ Bình Hưng Hòa, Đ. Tân Kỳ Tân Quý, Bình Hưng Hoà, Bình Tân, Hồ Chí Minh",street_from_goong,Phường Bình Hưng Hòa,27439,Thành phố Hồ Chí Minh,"Bình Hưng Hòa, Bình Tân, Thành phố Hồ Chí Minh",Bình Hưng Hòa,Bình Tân,Thành phố Hồ Chí Minh,10.7894201,106.595679,Goong Place Detail (POI),high,Danh mục chợ TP.HCM + Goong,2026-09-20T13:44:00+07:00,false
market:11,cho,Chợ truyền thống,Chợ Bình Khánh,"Khu tái định cư Bình Khánh - Thủ Đức, Đường Số 5, Bình Khánh, An Khánh, Thủ Đức, Hồ Chí Minh",street_from_goong,Phường An Khánh,27094,Thành phố Hồ Chí Minh,"Bình Khánh, TP Thủ Đức, Thành phố Hồ Chí Minh",Bình Khánh,TP Thủ Đức,Thành phố Hồ Chí Minh,10.783153,106.737095,Goong Geocode (địa chỉ),medium,Danh mục chợ TP.HCM + Goong,2026-09-20T13:44:00+07:00,true
market:211,cho,Chợ truyền thống,Chợ Bình Khánh,"Chợ Bình Khánh, Rừng Sác, Bình Khánh, Cần Giờ, Hồ Chí Minh",street_from_goong,Xã Bình Khánh,27667,Thành phố Hồ Chí Minh,"Bình Khánh, Cần Giờ, Thành phố Hồ Chí Minh",Bình Khánh,Cần Giờ,Thành phố Hồ Chí Minh,10.665542066000057,106.77529822500009,Goong Place Detail (POI),high,Danh mục chợ TP.HCM + Goong,2026-09-20T13:44:00+07:00,false
market:142,cho,Chợ truyền thống,Chợ Bình Long,"Chợ Bình Long, 49 Đường Số 3, Phường Bình Hưng Hòa A, Quận Bình Tân, Thành Phố Hồ Chí Minh",street_from_goong,Phường Bình Hưng Hòa,27439,Thành phố Hồ Chí Minh,"Bình Hưng Hòa A, Bình Tân, Thành phố Hồ Chí Minh",Bình Hưng Hòa A,Bình Tân,Thành phố Hồ Chí Minh,10.783334,106.616711,Goong Place Detail (POI),high,Danh mục chợ TP.HCM + Goong,2026-09-20T13:44:00+07:00,false
market:233,cho,Chợ truyền thống,Chợ Bình Mỹ,"Chợ Bình Mỹ, 410 Hà Duy Phiên, Ấp 1, Bình Mỹ, Củ Chi, Hồ Chí Minh",street_from_goong,Xã Bình Mỹ,27544,Thành phố Hồ Chí Minh,"Bình Mỹ, Củ Chi, Thành phố Hồ Chí Minh",Bình Mỹ,Củ Chi,Thành phố Hồ Chí Minh,10.968443198000045,106.63955086000004,Goong Place Detail (POI),high,Danh mục chợ TP.HCM + Goong,2026-09-20T13:44:00+07:00,false
market:34,cho,Chợ truyền thống,Chợ Bình Phước,"Chợ Bình Phước, Hiệp Bình Phước, Thủ Đức, Hồ Chí Minh",street_from_goong,Phường Hiệp Bình,26809,Thành phố Hồ Chí Minh,"Hiệp Bình Phước, TP Thủ Đức, Thành phố Hồ Chí Minh",Hiệp Bình Phước,TP Thủ Đức,Thành phố Hồ Chí Minh,10.863217727000062,106.72109857600009,Goong Place Detail (POI),high,Danh mục chợ TP.HCM + Goong,2026-09-20T13:44:00+07:00,false
market:124,cho,Chợ truyền thống,Chợ Bình Thới,"Chợ Bình Thới, 220 Đường Xóm Đất, Phường 10, Quận 11, Thành phố Hồ Chí Minh",street_from_goong,Phường Bình Thới,27232,Thành phố Hồ Chí Minh,"10, 11, Thành phố Hồ Chí Minh",10,11,Thành phố Hồ Chí Minh,10.759479,106.642542,Goong Place Detail (POI),high,Danh mục chợ TP.HCM + Goong,2026-09-20T13:44:00+07:00,false
market:78,cho,Chợ truyền thống,Chợ Bình Tiên,"Chợ Bình Tiên, 18 Đ. Phạm Phú Thứ, Phường 4, Quận 6, Hồ Chí Minh",street_from_goong,Phường Bình Tiên,27373,Thành phố Hồ Chí Minh,"4, 6, Thành phố Hồ Chí Minh",4,6,Thành phố Hồ Chí Minh,10.7458632,106.6442883,Goong Place Detail (POI),high,Danh mục chợ TP.HCM + Goong,2026-09-20T13:44:00+07:00,false
market:33,cho,Chợ truyền thống,Chợ Bình Triệu,"Chợ Bình Triệu, 182 Quốc Lộ 13, Khu phố 2, Hiệp Bình Chánh, Thủ Đức, Hồ Chí Minh",street_from_goong,Phường Hiệp Bình,26809,Thành phố Hồ Chí Minh,"Hiệp Bình Chánh, TP Thủ Đức, Thành phố Hồ Chí Minh",Hiệp Bình Chánh,TP Thủ Đức,Thành phố Hồ Chí Minh,10.829976756000065,106.71438668900004,Goong Place Detail (POI),high,Danh mục chợ TP.HCM + Goong,2026-09-20T13:44:00+07:00,false
market:10,cho,Chợ truyền thống,Chợ Bình Trưng,"Chợ Bình Trưng, Nguyễn Duy Trinh, Bình Trưng Tây, Thủ Đức, Hồ Chí Minh",street_from_goong,Phường An Khánh,27094,Thành phố Hồ Chí Minh,"Bình Trưng Tây, TP Thủ Đức, Thành phố Hồ Chí Minh",Bình Trưng Tây,TP Thủ Đức,Thành phố Hồ Chí Minh,10.788723899000047,106.75563718700005,Goong Place Detail (POI),high,Danh mục chợ TP.HCM + Goong,2026-09-20T13:44:00+07:00,false
market:143,cho,Chợ truyền thống,Chợ Bình Trị Đông,"Chợ Bình Trị Đông, 112 Trương Phước Phan, Bình Trị Đông, Bình Tân, Hồ Chí Minh",street_from_goong,Phường Bình Trị Đông,27448,Thành phố Hồ Chí Minh,"Bình Trị Đông, Bình Tân, Thành phố Hồ Chí Minh",Bình Trị Đông,Bình Tân,Thành phố Hồ Chí Minh,10.763582241000051,106.61271553800009,Goong Place Detail (POI),high,Danh mục chợ TP.HCM + Goong,2026-09-20T13:44:00+07:00,false
market:146,cho,Chợ truyền thống,Chợ Bình Trị Đông B,"1 Đường số 7, Bình Trị Đông B, Bình Tân, Hồ Chí Minh",street_from_goong,Phường An Lạc,27460,Thành phố Hồ Chí Minh,"Bình Trị Đông B, Bình Tân, Thành phố Hồ Chí Minh",Bình Trị Đông B,Bình Tân,Thành phố Hồ Chí Minh,10.7373298,106.6054256,Goong Geocode (địa chỉ),medium,Danh mục chợ TP.HCM + Goong,2026-09-20T13:44:00+07:00,false
market:77,cho,Chợ truyền thống,Chợ Bình Tây,"Chợ Bình Tây, 57A Tháp Mười, Phường 2, Quận 6, Hồ Chí Minh",street_from_goong,Phường Bình Tây,27367,Thành phố Hồ Chí Minh,"2, 6, Thành phố Hồ Chí Minh",2,6,Thành phố Hồ Chí Minh,10.7496697,106.6509839,Goong Place Detail (POI),high,Danh mục chợ TP.HCM + Goong,2026-09-20T13:44:00+07:00,false
market:107,cho,Chợ truyền thống,Chợ Bình Đông,"Chợ Bình Đông, Bến Bình Đông, Phường 14, Quận 8, Hồ Chí Minh",street_from_goong,Phường Bình Tiên,27373,Thành phố Hồ Chí Minh,"14, 8, Thành phố Hồ Chí Minh",14,8,Thành phố Hồ Chí Minh,10.738567854000053,106.64313113200006,Goong Place Detail (POI),high,Danh mục chợ TP.HCM + Goong,2026-09-20T13:44:00+07:00,false
market:241,cho,Chợ truyền thống,Chợ Bùi Môn,"Chợ Bùi Môn, Xuân Thới Đông, Hóc Môn, Hồ Chí Minh",street_from_goong,Xã Hóc Môn,27559,Thành phố Hồ Chí Minh,"Xuân Thới Đông, Hóc Môn, Thành phố Hồ Chí Minh",Xuân Thới Đông,Hóc Môn,Thành phố Hồ Chí Minh,10.869514342000059,106.59651445400004,Goong Place Detail (POI),high,Danh mục chợ TP.HCM + Goong,2026-09-20T13:44:00+07:00,false
market:51,cho,Chợ truyền thống,Chợ Bùi Phát,"453/156 13 3 Lê Văn Sỹ,  Phường 12, Quận 3, Hồ Chí Minh",street_from_goong,Phường Phú Nhuận,27073,Thành phố Hồ Chí Minh,"13, 3, Thành phố Hồ Chí Minh",13,3,Thành phố Hồ Chí Minh,10.789169913000023,106.67186972500008,Goong Geocode (địa chỉ),medium,Danh mục chợ TP.HCM + Goong,2026-09-20T13:44:00+07:00,true
market:93,cho,Chợ truyền thống,Chợ Bùi Văn Ba,"Chợ Bùi Văn Ba, 16/5 Bùi Văn Ba, Tân Thuận Đông, Quận 7, Hồ Chí Minh",street_from_goong,Phường Tân Thuận,27478,Thành phố Hồ Chí Minh,"Tân Thuận Đông, 7, Thành phố Hồ Chí Minh",Tân Thuận Đông,7,Thành phố Hồ Chí Minh,10.750048005000053,106.73059764500005,Goong Place Detail (POI),high,Danh mục chợ TP.HCM + Goong,2026-09-20T13:44:00+07:00,false
market:178,cho,Chợ truyền thống,Chợ Bảo Ngọc Tú,"Chợ Bảo Ngọc Tú, Hẻm 118 Phan Huy Ích, Phường 15, Tân Bình, Hồ Chí Minh",street_from_goong,Phường Tân Bình,27004,Thành phố Hồ Chí Minh,"15, Tân Bình, Thành phố Hồ Chí Minh",15,Tân Bình,Thành phố Hồ Chí Minh,10.829448654000032,106.63581072300008,Goong Place Detail (POI),high,Danh mục chợ TP.HCM + Goong,2026-09-20T13:44:00+07:00,false
market:42,cho,Chợ truyền thống,Chợ Bến Thành,"Bến Thành, Thành phố Hồ Chí Minh, Hồ Chí Minh",street_from_goong,Phường Bến Thành,26743,Thành phố Hồ Chí Minh,"Bến Thành, 1, Thành phố Hồ Chí Minh",Bến Thành,1,Thành phố Hồ Chí Minh,10.7718703,106.6984429,Goong Geocode (địa chỉ),medium,Danh mục chợ TP.HCM + Goong,2026-09-20T13:44:00+07:00,true
market:252,cho,Chợ truyền thống,Chợ Bờ Băng,"MPGX+RP8, Nguyễn Bình, Nhà Bè, Hồ Chí Minh",street_from_goong,Xã Nhà Bè,27655,Thành phố Hồ Chí Minh,"Phú xuân, Nhà Bè, Thành phố Hồ Chí Minh",Phú xuân,Nhà Bè,Thành phố Hồ Chí Minh,10.6770436,106.7493179,Goong Place Detail (POI),high,Danh mục chợ TP.HCM + Goong,2026-09-20T13:44:00+07:00,false
market:62,cho,Chợ truyền thống,Chợ Cao Đạt,"Chợ Cao Đạt, Hẻm 197 Đ. Cao Đạt, Phường 1, Quận 5, Hồ Chí Minh",street_from_goong,Phường Chợ Quán,27301,Thành phố Hồ Chí Minh,"1, 5, Thành phố Hồ Chí Minh",1,5,Thành phố Hồ Chí Minh,10.7543085,106.6830014,Goong Place Detail (POI),high,Danh mục chợ TP.HCM + Goong,2026-09-20T13:44:00+07:00,false
market:115,cho,Chợ truyền thống,Chợ Chợ Phường 2 (Trần Nhân Tôn),"Trường Tiểu học Trần Nhân Tôn, 247 Hòa Hảo, Phường 2, Quận 10, Hồ Chí Minh",street_from_goong,Phường Vườn Lài,27190,Thành phố Hồ Chí Minh,"2, 10, Thành phố Hồ Chí Minh",2,10,Thành phố Hồ Chí Minh,10.762829747000069,106.67331548600004,Goong Geocode (địa chỉ),medium,Danh mục chợ TP.HCM + Goong,2026-09-20T13:44:00+07:00,true
market:150,cho,Chợ truyền thống,Chợ Chợ Phường 25 (Đường rầy),"Hẻm Chợ Đường Ray, Phường 25, Bình Thạnh, Hồ Chí Minh",street_from_goong,Phường Thạnh Mỹ Tây,26956,Thành phố Hồ Chí Minh,"25, Bình Thạnh, Thành phố Hồ Chí Minh",25,Bình Thạnh,Thành phố Hồ Chí Minh,10.8096207,106.7144664,Goong Geocode (địa chỉ),medium,Danh mục chợ TP.HCM + Goong,2026-09-20T13:44:00+07:00,true
market:193,cho,Chợ truyền thống,Chợ Chợ tạm Bình Hưng,"Chợ tạm Bình Hưng, Đường Số 10, Khu dân cư Bình Hưng, Bình Hưng, Bình Chánh, Hồ Chí Minh",street_from_goong,Xã Bình Hưng,27619,Thành phố Hồ Chí Minh,"Bình Hưng, Bình Chánh, Thành phố Hồ Chí Minh",Bình Hưng,Bình Chánh,Thành phố Hồ Chí Minh,10.72696152800006,106.65211199900006,Goong Place Detail (POI),high,Danh mục chợ TP.HCM + Goong,2026-09-20T13:44:00+07:00,false
market:149,cho,Chợ truyền thống,Chợ Chợ tạm Hàng Xanh,"Chợ Hàng Xanh, Phường 24, Bình Thạnh, Hồ Chí Minh",street_from_goong,Phường Gia Định,26944,Thành phố Hồ Chí Minh,"24, Bình Thạnh, Thành phố Hồ Chí Minh",24,Bình Thạnh,Thành phố Hồ Chí Minh,10.803858576000039,106.71087498100007,Goong Place Detail (POI),high,Danh mục chợ TP.HCM + Goong,2026-09-20T13:44:00+07:00,false
market:148,cho,Chợ truyền thống,Chợ Chợ tạm Hùng Vương,"Chợ Hùng Vương, Hẻm 158 Xô Viết Nghệ Tĩnh, Phường 21, Bình Thạnh, Hồ Chí Minh",street_from_goong,Phường Thạnh Mỹ Tây,26956,Thành phố Hồ Chí Minh,"21, Bình Thạnh, Thành phố Hồ Chí Minh",21,Bình Thạnh,Thành phố Hồ Chí Minh,10.796820379000053,106.71198351200007,Goong Place Detail (POI),high,Danh mục chợ TP.HCM + Goong,2026-09-20T13:44:00+07:00,false
market:59,cho,Chợ truyền thống,Chợ Chợ 200,"chợ 200, 200/25C Xóm Chiếu, Phường 15, Quận 4, Thành phố Hồ Chí Minh",street_from_goong,Phường Khánh Hội,27265,Thành phố Hồ Chí Minh,"14, 15, 4, Thành phố Hồ Chí Minh","14, 15",4,Thành phố Hồ Chí Minh,10.755883,106.708411,Goong Place Detail (POI),high,Danh mục chợ TP.HCM + Goong,2026-09-20T13:44:00+07:00,false
market:7,cho,Chợ truyền thống,Chợ Chợ Chiều,"Ấp Tây B, Bình Trưng Tây, Thủ Đức, Hồ Chí Minh",street_from_goong,Phường Bình Trưng,27097,Thành phố Hồ Chí Minh,"Bình Trưng Tây, TP Thủ Đức, Thành phố Hồ Chí Minh",Bình Trưng Tây,TP Thủ Đức,Thành phố Hồ Chí Minh,10.783654444000035,106.75852870500006,Goong Geocode (địa chỉ),low,Danh mục chợ TP.HCM + Goong,2026-09-20T13:44:00+07:00,true
market:92,cho,Chợ truyền thống,Chợ Chợ Cư xá Ngân Hàng,"Chợ Cư xá Ngân hàng, Tân Thuận Tây, Quận 7, Hồ Chí Minh",street_from_goong,Phường Tân Thuận,27478,Thành phố Hồ Chí Minh,"Tân Thuận Tây, 7, Thành phố Hồ Chí Minh",Tân Thuận Tây,7,Thành phố Hồ Chí Minh,10.74829819200005,106.71656659300004,Goong Place Detail (POI),high,Danh mục chợ TP.HCM + Goong,2026-09-20T13:44:00+07:00,false
market:164,cho,Chợ truyền thống,Chợ Chợ Ga,"Chợ Ga, 94 Trần Khát Chân, Phường 9, Phú Nhuận, Hồ Chí Minh",street_from_goong,Phường Đức Nhuận,27043,Thành phố Hồ Chí Minh,"9, Phú Nhuận, Thành phố Hồ Chí Minh",9,Phú Nhuận,Thành phố Hồ Chí Minh,10.80039778500003,106.67737209800003,Goong Place Detail (POI),high,Danh mục chợ TP.HCM + Goong,2026-09-20T13:44:00+07:00,false
market:60,cho,Chợ truyền thống,Chợ Chợ Kho 11,"Chợ Kho 11, 388-416 Đoàn Văn Bơ, Phường 16, Quận 4, Hồ Chí Minh",street_from_goong,Phường Xóm Chiếu,27259,Thành phố Hồ Chí Minh,"18, 4, Thành phố Hồ Chí Minh",18,4,Thành phố Hồ Chí Minh,10.7564858,106.7161691,Goong Place Detail (POI),high,Danh mục chợ TP.HCM + Goong,2026-09-20T13:44:00+07:00,false
market:38,cho,Chợ truyền thống,Chợ Chợ Nông sản Thủ Đức,"141 Quốc Lộ 1A, Tam Bình, Thủ Đức, Hồ Chí Minh",street_from_goong,Phường Tam Bình,26803,Thành phố Hồ Chí Minh,"Tam Bình, TP Thủ Đức, Thành phố Hồ Chí Minh",Tam Bình,TP Thủ Đức,Thành phố Hồ Chí Minh,10.868604660000074,106.73007202000008,Goong Geocode (địa chỉ),medium,Danh mục chợ TP.HCM + Goong,2026-09-20T13:44:00+07:00,true
market:175,cho,Chợ truyền thống,Chợ Chợ Phường 11,"11 Trần Mai Ninh, Phường 12, Tân Bình, Hồ Chí Minh",street_from_goong,Phường Bảy Hiền,26983,Thành phố Hồ Chí Minh,"11, Tân Bình, Thành phố Hồ Chí Minh",11,Tân Bình,Thành phố Hồ Chí Minh,10.795200216000069,106.64791715700005,Goong Geocode (địa chỉ),medium,Danh mục chợ TP.HCM + Goong,2026-09-20T13:44:00+07:00,true
market:170,cho,Chợ truyền thống,Chợ Chợ Phường 4,"Chợ Phường 4, 12 Nguyễn Đình Khơi, Phường 4, Tân Bình, Hồ Chí Minh",street_from_goong,Phường Tân Sơn Nhất,26968,Thành phố Hồ Chí Minh,"4, Tân Bình, Thành phố Hồ Chí Minh",4,Tân Bình,Thành phố Hồ Chí Minh,10.795360910000056,106.65686008300008,Goong Place Detail (POI),high,Danh mục chợ TP.HCM + Goong,2026-09-20T13:44:00+07:00,false
market:221,cho,Chợ truyền thống,Chợ Chợ chiều Tân Thạnh Đông,"Chợ chiều Tân Thạnh Đông, Đường Tỉnh Lộ 15, Ấp 3B, Tân Thạnh Đông, Củ Chi, Hồ Chí Minh",street_from_goong,Xã Phú Hòa Đông,27541,Thành phố Hồ Chí Minh,"Tân Thạnh Đông, Củ Chi, Thành phố Hồ Chí Minh",Tân Thạnh Đông,Củ Chi,Thành phố Hồ Chí Minh,10.9598713,106.5978014,Goong Place Detail (POI),high,Danh mục chợ TP.HCM + Goong,2026-09-20T13:44:00+07:00,false
market:121,cho,Chợ truyền thống,Chợ Chợ hoa tươi Đầm Sen,"Chợ hoa tươi Đầm Sen, 39 Nguyễn Văn Phú, Phường 5, Quận 11, Hồ Chí Minh",street_from_goong,Phường Hòa Bình,27211,Thành phố Hồ Chí Minh,"5, 11, Thành phố Hồ Chí Minh",5,11,Thành phố Hồ Chí Minh,10.769767166000065,106.64269816100006,Goong Place Detail (POI),high,Danh mục chợ TP.HCM + Goong,2026-09-20T13:44:00+07:00,false
market:229,cho,Chợ truyền thống,Chợ Chợ sáng Tân Phú Trung,"Chợ Tân Phú Trung, Quốc Lộ 22, Tân Phú Trung, Củ Chi, Hồ Chí Minh",street_from_goong,Xã Củ Chi,27553,Thành phố Hồ Chí Minh,"Tân Phú Trung, Củ Chi, Thành phố Hồ Chí Minh",Tân Phú Trung,Củ Chi,Thành phố Hồ Chí Minh,10.940437172000031,106.53912470800009,Goong Place Detail (POI),high,Danh mục chợ TP.HCM + Goong,2026-09-20T13:44:00+07:00,false
market:230,cho,Chợ truyền thống,Chợ Chợ sáng Tân Thạnh Đông,"Chợ Sáng Tân Thạnh Đông, Bến Than, Tân Thạnh Đông, Củ Chi, Hồ Chí Minh",street_from_goong,Xã Phú Hòa Đông,27541,Thành phố Hồ Chí Minh,"Tân Thạnh Đông, Củ Chi, Thành phố Hồ Chí Minh",Tân Thạnh Đông,Củ Chi,Thành phố Hồ Chí Minh,10.9475179,106.6065122,Goong Place Detail (POI),high,Danh mục chợ TP.HCM + Goong,2026-09-20T13:44:00+07:00,false
market:250,cho,Chợ truyền thống,Chợ Chợ Ấp 3,"tổ 4 ấp 3, Hiệp Phước, Nhà Bè, Hồ Chí Minh",street_from_goong,Xã Hiệp Phước,27658,Thành phố Hồ Chí Minh,"Hiệp Phước, Nhà Bè, Thành phố Hồ Chí Minh",Hiệp Phước,Nhà Bè,Thành phố Hồ Chí Minh,10.6024545,106.7393322,Goong Place Detail (POI),high,Danh mục chợ TP.HCM + Goong,2026-09-20T13:44:00+07:00,false
market:235,cho,Chợ truyền thống,Chợ Chợ Đầu mối Nông sản thực phẩm Hóc Môn,"Chợ Đầu mối Nông sản Thực phẩm Tân Xuân, 14/7A Nguyễn Thị Sóc, Ấp Mỹ Hòa 4, Xuân Thới Đông, Hóc Môn, Hồ Chí Minh",street_from_goong,Xã Xuân Thới Sơn,27577,Thành phố Hồ Chí Minh,"Xuân Thới Đông, Hóc Môn, Thành phố Hồ Chí Minh",Xuân Thới Đông,Hóc Môn,Thành phố Hồ Chí Minh,10.859580863000076,106.60127409500006,Goong Place Detail (POI),high,Danh mục chợ TP.HCM + Goong,2026-09-20T13:44:00+07:00,false
market:194,cho,Chợ truyền thống,Chợ Chợ Đệm,"Chợ Đệm, Nguyễn Hữu Trí, Tân Túc, Bình Chánh, Hồ Chí Minh",street_from_goong,Xã Tân Nhựt,27595,Thành phố Hồ Chí Minh,"Tân Túc, Bình Chánh, Thành phố Hồ Chí Minh",Tân Túc,Bình Chánh,Thành phố Hồ Chí Minh,10.692612330000031,106.57806179300007,Goong Place Detail (POI),high,Danh mục chợ TP.HCM + Goong,2026-09-20T13:44:00+07:00,false
market:111,cho,Chợ truyền thống,Chợ Chợ đầu mối Bình Điền,"BÉ 6 CHỢ ĐẦU MỐI BÌNH ĐIỀN, 97 Đường Số 2, Phường 7, Quận 8, Hồ Chí Minh",street_from_goong,Phường Bình Đông,27424,Thành phố Hồ Chí Minh,"7, 8, Thành phố Hồ Chí Minh",7,8,Thành phố Hồ Chí Minh,10.6991252,106.6127506,Goong Place Detail (POI),high,Danh mục chợ TP.HCM + Goong,2026-09-20T13:44:00+07:00,false
market:8,cho,Chợ truyền thống,Chợ Cát Lái,"Chợ Cát Lái, Nguyễn Thị Định, Thạnh Mỹ Lợi, Thủ Đức, Hồ Chí Minh",street_from_goong,Phường Cát Lái,27112,Thành phố Hồ Chí Minh,"Thạnh Mỹ Lợi, TP Thủ Đức, Thành phố Hồ Chí Minh",Thạnh Mỹ Lợi,TP Thủ Đức,Thành phố Hồ Chí Minh,10.758733344000063,106.78797364200005,Goong Place Detail (POI),high,Danh mục chợ TP.HCM + Goong,2026-09-20T13:44:00+07:00,false
market:138,cho,Chợ truyền thống,Chợ Cây Da Sà,"Chợ Cây Da Sà, 243 Đường Số 6, Bình Trị Đông B, Bình Tân, Hồ Chí Minh",street_from_goong,Phường An Lạc,27460,Thành phố Hồ Chí Minh,"Bình Trị Đông B, Bình Tân, Thành phố Hồ Chí Minh",Bình Trị Đông B,Bình Tân,Thành phố Hồ Chí Minh,10.756159522000075,106.61888202500006,Goong Place Detail (POI),high,Danh mục chợ TP.HCM + Goong,2026-09-20T13:44:00+07:00,false
market:5,cho,Chợ truyền thống,Chợ Cây Xoài,"Chợ Cây Xoài, Lê Văn Thịnh, Cát Lái, Thủ Đức, Hồ Chí Minh",street_from_goong,Phường Bình Trưng,27097,Thành phố Hồ Chí Minh,"Cát Lái, TP Thủ Đức, Thành phố Hồ Chí Minh",Cát Lái,TP Thủ Đức,Thành phố Hồ Chí Minh,10.77738727700006,106.76658140200004,Goong Place Detail (POI),high,Danh mục chợ TP.HCM + Goong,2026-09-20T13:44:00+07:00,false
market:212,cho,Chợ truyền thống,Chợ Cần Giờ,"Chợ Cần Giờ, Duyên Hải, Cần Thạnh, Cần Giờ, Hồ Chí Minh",street_from_goong,Xã Cần Giờ,27664,Thành phố Hồ Chí Minh,"Cần Thạnh, Cần Giờ, Thành phố Hồ Chí Minh",Cần Thạnh,Cần Giờ,Thành phố Hồ Chí Minh,10.417343238000058,106.97174810300004,Goong Place Detail (POI),high,Danh mục chợ TP.HCM + Goong,2026-09-20T13:44:00+07:00,false
market:58,cho,Chợ truyền thống,Chợ Cầu Cống,"13 4 Đoàn Văn Bơ,  phường 13, Quận 4, Hồ Chí Minh",street_from_goong,Phường Khánh Hội,27265,Thành phố Hồ Chí Minh,"13, 4, Thành phố Hồ Chí Minh",13,4,Thành phố Hồ Chí Minh,10.7601557,106.7090207,Goong Geocode (địa chỉ),medium,Danh mục chợ TP.HCM + Goong,2026-09-20T13:44:00+07:00,false
market:249,cho,Chợ truyền thống,Chợ Cầu Kinh,"Chợ Cầu Kinh, Đ. Nguyễn Văn Tạo, Hiệp Phước, Nhà Bè, Hồ Chí Minh",street_from_goong,Xã Hiệp Phước,27658,Thành phố Hồ Chí Minh,"Hiệp Phước, Nhà Bè, Thành phố Hồ Chí Minh",Hiệp Phước,Nhà Bè,Thành phố Hồ Chí Minh,10.6364164,106.7350542,Goong Place Detail (POI),high,Danh mục chợ TP.HCM + Goong,2026-09-20T13:44:00+07:00,false
market:199,cho,Chợ truyền thống,Chợ Cầu Xáng,"Chợ Cầu Xáng, Thanh Niên, Ấp 3, Phạm Văn Hai, Bình Chánh, Hồ Chí Minh",street_from_goong,Xã Bình Lợi,27610,Thành phố Hồ Chí Minh,"Phạm Văn Hai, Bình Chánh, Thành phố Hồ Chí Minh",Phạm Văn Hai,Bình Chánh,Thành phố Hồ Chí Minh,10.791141874000061,106.51494796400004,Goong Place Detail (POI),high,Danh mục chợ TP.HCM + Goong,2026-09-20T13:44:00+07:00,false
market:232,cho,Chợ truyền thống,Chợ Củ Chi,"Chợ Củ Chi, Quốc Lộ 22, Củ Chi, Củ Chi, Hồ Chí Minh",street_from_goong,Xã Tân An Hội,27496,Thành phố Hồ Chí Minh,"Thị trấn Củ Chi, Củ Chi, Thành phố Hồ Chí Minh",Thị trấn Củ Chi,Củ Chi,Thành phố Hồ Chí Minh,10.970349018000036,106.48239304800006,Goong Place Detail (POI),high,Danh mục chợ TP.HCM + Goong,2026-09-20T13:44:00+07:00,false
market:44,cho,Chợ truyền thống,Chợ Dân Sinh,"Chợ Dân Sinh, 104 Đường Yersin, Phường Nguyễn Thái Bình, Quận 1, Thành Phố Hồ Chí Minh",street_from_goong,Phường Bến Thành,26743,Thành phố Hồ Chí Minh,"Nguyễn Thái Bình, 1, Thành phố Hồ Chí Minh",Nguyễn Thái Bình,1,Thành phố Hồ Chí Minh,10.766023,106.698113,Goong Place Detail (POI),high,Danh mục chợ TP.HCM + Goong,2026-09-20T13:44:00+07:00,false
market:159,cho,Chợ truyền thống,Chợ Gò Vấp,"Chợ Gò Vấp, 188 Đường Nguyễn Văn Nghi, Phường 4, Gò Vấp, Hồ Chí Minh",street_from_goong,Phường Hạnh Thông,26890,Thành phố Hồ Chí Minh,"4, Gò Vấp, Thành phố Hồ Chí Minh",4,Gò Vấp,Thành phố Hồ Chí Minh,10.8237108,106.6869325,Goong Place Detail (POI),high,Danh mục chợ TP.HCM + Goong,2026-09-20T13:44:00+07:00,false
market:40,cho,Chợ truyền thống,Chợ Hiệp Bình Chánh,"Chợ Hiệp Bình Chánh, Đường Số 3, Khu phố 5, Hiệp Bình Chánh, Thủ Đức, Hồ Chí Minh",street_from_goong,Phường Hiệp Bình,26809,Thành phố Hồ Chí Minh,"Hiệp Bình Chánh, TP Thủ Đức, Thành phố Hồ Chí Minh",Hiệp Bình Chánh,TP Thủ Đức,Thành phố Hồ Chí Minh,10.830841312000075,106.72903779600006,Goong Place Detail (POI),high,Danh mục chợ TP.HCM + Goong,2026-09-20T13:44:00+07:00,false
market:14,cho,Chợ truyền thống,Chợ Hiệp Phú,"Chợ Hiệp Phú, Lê Văn Việt, Hiệp Phú, Thủ Đức, Hồ Chí Minh",street_from_goong,Phường Tăng Nhơn Phú,26842,Thành phố Hồ Chí Minh,"Hiệp Phú, TP Thủ Đức, Thành phố Hồ Chí Minh",Hiệp Phú,TP Thủ Đức,Thành phố Hồ Chí Minh,10.844766074000063,106.78474175500008,Goong Place Detail (POI),high,Danh mục chợ TP.HCM + Goong,2026-09-20T13:44:00+07:00,false
market:126,cho,Chợ truyền thống,Chợ Hiệp Thành,"Chợ Hiệp Thành, Tổ 24 KP3, Hiệp Thành, Quận 12, Hồ Chí Minh",street_from_goong,Phường Tân Thới Hiệp,26782,Thành phố Hồ Chí Minh,"Hiệp Thành, 12, Thành phố Hồ Chí Minh",Hiệp Thành,12,Thành phố Hồ Chí Minh,10.8817919,106.6388658,Goong Place Detail (POI),high,Danh mục chợ TP.HCM + Goong,2026-09-20T13:44:00+07:00,false
market:189,cho,Chợ truyền thống,Chợ Hiệp Tân,"Chợ Hiệp Tân, 70 Cây Keo, Hiệp Tân, Tân Phú, Hồ Chí Minh",street_from_goong,Phường Phú Thạnh,27028,Thành phố Hồ Chí Minh,"Hiệp Tân, Tân Phú, Thành phố Hồ Chí Minh",Hiệp Tân,Tân Phú,Thành phố Hồ Chí Minh,10.771752424000056,106.62963092300004,Goong Place Detail (POI),high,Danh mục chợ TP.HCM + Goong,2026-09-20T13:44:00+07:00,false
market:176,cho,Chợ truyền thống,Chợ Hoàng Hoa Thám,"Chợ Hoàng Hoa Thám, 19 Hoàng Hoa Thám, Phường 13, Tân Bình, Hồ Chí Minh",street_from_goong,Phường Bảy Hiền,26983,Thành phố Hồ Chí Minh,"13, Tân Bình, Thành phố Hồ Chí Minh",13,Tân Bình,Thành phố Hồ Chí Minh,10.798375140000076,106.64678470300004,Goong Place Detail (POI),high,Danh mục chợ TP.HCM + Goong,2026-09-20T13:44:00+07:00,false
market:69,cho,Chợ truyền thống,Chợ Hà Tôn Quyền,"Tân Thành 15, Bắc Tân Uyên, Thành phố Hồ Chí Minh, Hồ Chí Minh",street_from_goong,Phường Long Bình,26833,Thành phố Hồ Chí Minh,"15, 5, Thành phố Hồ Chí Minh",15,5,Thành phố Hồ Chí Minh,11.14643,106.8343816,Goong Geocode (địa chỉ),medium,Danh mục chợ TP.HCM + Goong,2026-09-20T13:44:00+07:00,true
market:213,cho,Chợ truyền thống,Chợ Hàng Dương,"Chợ Hàng Dương, Thạnh Thới, Long Hòa, Cần Giờ, Hồ Chí Minh",street_from_goong,Xã Cần Giờ,27664,Thành phố Hồ Chí Minh,"Long Hòa, Cần Giờ, Thành phố Hồ Chí Minh",Long Hòa,Cần Giờ,Thành phố Hồ Chí Minh,10.387034380000046,106.91938868600005,Goong Place Detail (POI),high,Danh mục chợ TP.HCM + Goong,2026-09-20T13:44:00+07:00,false
market:55,cho,Chợ truyền thống,Chợ Hàng Phân,"Chợ Hãng Phân, Nguyễn Hữu Hào, Phường 6, Quận 4, Hồ Chí Minh",street_from_goong,Phường Khánh Hội,27265,Thành phố Hồ Chí Minh,"6, 4, Thành phố Hồ Chí Minh",6,4,Thành phố Hồ Chí Minh,10.762311022000063,106.70014686600007,Goong Place Detail (POI),high,Danh mục chợ TP.HCM + Goong,2026-09-20T13:44:00+07:00,false
market:70,cho,Chợ truyền thống,Chợ Hòa Bình,"Chợ Hoà Bình, 37 Đ. Bạch Vân, Phường 5, Quận 5, Hồ Chí Minh",street_from_goong,Phường An Đông,27316,Thành phố Hồ Chí Minh,"5, 5, Thành phố Hồ Chí Minh",5,5,Thành phố Hồ Chí Minh,10.752037,106.6756457,Goong Place Detail (POI),high,Danh mục chợ TP.HCM + Goong,2026-09-20T13:44:00+07:00,false
market:214,cho,Chợ truyền thống,Chợ Hòa Hiệp,"Chợ Hòa Hiệp, Long Hòa, Cần Giờ, Hồ Chí Minh",street_from_goong,Xã Cần Giờ,27664,Thành phố Hồ Chí Minh,"Long Hòa, Cần Giờ, Thành phố Hồ Chí Minh",Long Hòa,Cần Giờ,Thành phố Hồ Chí Minh,10.402955932000054,106.92381389500008,Goong Place Detail (POI),high,Danh mục chợ TP.HCM + Goong,2026-09-20T13:44:00+07:00,false
market:119,cho,Chợ truyền thống,Chợ Hòa Hưng,"Chợ Hòa Hưng, 539a Đ. Cách Mạng Tháng 8, Phường 15, Quận 10, Hồ Chí Minh",street_from_goong,Phường Nhiêu Lộc,27142,Thành phố Hồ Chí Minh,"15, 10, Thành phố Hồ Chí Minh",15,10,Thành phố Hồ Chí Minh,10.7832553,106.6711818,Goong Place Detail (POI),high,Danh mục chợ TP.HCM + Goong,2026-09-20T13:44:00+07:00,false
market:219,cho,Chợ truyền thống,Chợ Hòa Phú,"Chợ Hòa Phú, Tỉnh Lộ 8, Hòa Phú, Củ Chi, Hồ Chí Minh",street_from_goong,Xã Bình Mỹ,27544,Thành phố Hồ Chí Minh,"Hòa Phú, Củ Chi, Thành phố Hồ Chí Minh",Hòa Phú,Củ Chi,Thành phố Hồ Chí Minh,10.979392155000028,106.61760767300007,Goong Place Detail (POI),high,Danh mục chợ TP.HCM + Goong,2026-09-20T13:44:00+07:00,false
market:245,cho,Chợ truyền thống,Chợ Hóc Môn,"Bobapop, 3/24 Bà Triệu, Khu phố 5, Hóc Môn, Hóc Môn, Hồ Chí Minh",street_from_goong,Xã Hóc Môn,27559,Thành phố Hồ Chí Minh,"Thị trấn Hóc Môn, Hóc Môn, Thành phố Hồ Chí Minh",Thị trấn Hóc Môn,Hóc Môn,Thành phố Hồ Chí Minh,10.888181835000069,106.59619125300009,Goong Geocode (địa chỉ),medium,Danh mục chợ TP.HCM + Goong,2026-09-20T13:44:00+07:00,false
market:198,cho,Chợ truyền thống,Chợ Hưng Long,"Chợ Hưng Long, 40 ấp 4, Đoàn Nguyễn Tuấn, Hưng Long, Bình Chánh, Hồ Chí Minh",street_from_goong,Xã Bình Chánh,27637,Thành phố Hồ Chí Minh,"Hưng Long, Bình Chánh, Thành phố Hồ Chí Minh",Hưng Long,Bình Chánh,Thành phố Hồ Chí Minh,10.6579453,106.6081537,Goong Place Detail (POI),high,Danh mục chợ TP.HCM + Goong,2026-09-20T13:44:00+07:00,false
market:103,cho,Chợ truyền thống,Chợ Hưng Phú,"Chợ Hưng Phú, 107 Mai Am, Phường 9, Quận 8, Hồ Chí Minh",street_from_goong,Phường Chánh Hưng,27418,Thành phố Hồ Chí Minh,"9, 8, Thành phố Hồ Chí Minh",9,8,Thành phố Hồ Chí Minh,10.74734499400006,106.67449300000004,Goong Place Detail (POI),high,Danh mục chợ TP.HCM + Goong,2026-09-20T13:44:00+07:00,false
market:160,cho,Chợ truyền thống,Chợ Hạnh Thông Tây,"Chợ Hạnh Thông Tây, 10/2 Quang Trung, Phường 11, Gò Vấp, Hồ Chí Minh",street_from_goong,Phường Thông Tây Hội,26898,Thành phố Hồ Chí Minh,"11, Gò Vấp, Thành phố Hồ Chí Minh",11,Gò Vấp,Thành phố Hồ Chí Minh,10.835939623000058,106.65876706400007,Goong Place Detail (POI),high,Danh mục chợ TP.HCM + Goong,2026-09-20T13:44:00+07:00,false
market:56,cho,Chợ truyền thống,Chợ Hảng Dệt,"32/1 Tôn Thất Thuyết, Quận 4, Hồ Chí Minh",street_from_goong,Phường Xóm Chiếu,27259,Thành phố Hồ Chí Minh,"3, 4, Thành phố Hồ Chí Minh",3,4,Thành phố Hồ Chí Minh,10.753117,106.714089,Goong Geocode (địa chỉ),low,Danh mục chợ TP.HCM + Goong,2026-09-20T13:44:00+07:00,true
market:81,cho,Chợ truyền thống,Chợ Hồ Trọng Quý,"Chợ Hồ Trọng Quý, 8 Lô V Cư Xá Phú Lâm D, Phường 10, Quận 6, Hồ Chí Minh",street_from_goong,Phường Bình Phú,27364,Thành phố Hồ Chí Minh,"10, 6, Thành phố Hồ Chí Minh",10,6,Thành phố Hồ Chí Minh,10.7401631,106.6321794,Goong Place Detail (POI),high,Danh mục chợ TP.HCM + Goong,2026-09-20T13:44:00+07:00,false
market:27,cho,Chợ truyền thống,Chợ Khiết Tâm,"Chợ Khiết Tâm, 226 Lê Thị Hoa, Bình Chiểu, Thủ Đức, Hồ Chí Minh",street_from_goong,Phường Tam Bình,26803,Thành phố Hồ Chí Minh,"Bình Chiểu, TP Thủ Đức, Thành phố Hồ Chí Minh",Bình Chiểu,TP Thủ Đức,Thành phố Hồ Chí Minh,10.87651187800003,106.74672638900006,Goong Place Detail (POI),high,Danh mục chợ TP.HCM + Goong,2026-09-20T13:44:00+07:00,false
market:141,cho,Chợ truyền thống,Chợ Khu phố 2,"Chợ Khu Phố 2, Kinh Dương Vương, An Lạc, Bình Tân, Hồ Chí Minh",street_from_goong,Phường An Lạc,27460,Thành phố Hồ Chí Minh,"An Lạc, Bình Tân, Thành phố Hồ Chí Minh",An Lạc,Bình Tân,Thành phố Hồ Chí Minh,10.726494114000047,106.60513604300007,Goong Place Detail (POI),high,Danh mục chợ TP.HCM + Goong,2026-09-20T13:44:00+07:00,false
market:73,cho,Chợ truyền thống,Chợ Kim Biên,"Chợ Kim Biên, 37 Vạn Tượng, Phường 13, Quận 5, Hồ Chí Minh",street_from_goong,Phường Chợ Lớn,27343,Thành phố Hồ Chí Minh,"13, 5, Thành phố Hồ Chí Minh",13,5,Thành phố Hồ Chí Minh,10.750363658000026,106.65588478500007,Goong Place Detail (POI),high,Danh mục chợ TP.HCM + Goong,2026-09-20T13:44:00+07:00,false
market:24,cho,Chợ truyền thống,Chợ Kiến Thiết,"Chợ Kiến Thiết, Lê Lợi, Hiệp Phú, Thủ Đức, Hồ Chí Minh",street_from_goong,Phường Tăng Nhơn Phú,26842,Thành phố Hồ Chí Minh,"Hiệp Phú, TP Thủ Đức, Thành phố Hồ Chí Minh",Hiệp Phú,TP Thủ Đức,Thành phố Hồ Chí Minh,10.845219963000034,106.77435747500004,Goong Place Detail (POI),high,Danh mục chợ TP.HCM + Goong,2026-09-20T13:44:00+07:00,false
market:139,cho,Chợ truyền thống,Chợ Kiến Thành,"158 Đường Số 19, Bình Trị Đông B, Bình Tân, Hồ Chí Minh",street_from_goong,Phường An Lạc,27460,Thành phố Hồ Chí Minh,"Bình Trị Đông B, Bình Tân, Thành phố Hồ Chí Minh",Bình Trị Đông B,Bình Tân,Thành phố Hồ Chí Minh,10.753490097000054,106.61336013500005,Goong Geocode (địa chỉ),medium,Danh mục chợ TP.HCM + Goong,2026-09-20T13:44:00+07:00,true
market:144,cho,Chợ truyền thống,Chợ Kiến Đức,"chợ Kiến Đức, 158 Đường số 19, Bình Trị Đông B, Bình Tân, Thành phố Hồ Chí Minh",street_from_goong,Phường An Lạc,27460,Thành phố Hồ Chí Minh,"Bình Trị Đông B, Bình Tân, Thành phố Hồ Chí Minh",Bình Trị Đông B,Bình Tân,Thành phố Hồ Chí Minh,10.7534672,106.6139339,Goong Place Detail (POI),high,Danh mục chợ TP.HCM + Goong,2026-09-20T13:44:00+07:00,false
market:31,cho,Chợ truyền thống,Chợ Linh Trung,"Chợ Linh Trung, Hẻm 144 Linh Trung, Linh Trung, Thủ Đức, Hồ Chí Minh",street_from_goong,Phường Linh Xuân,26800,Thành phố Hồ Chí Minh,"Linh Trung, TP Thủ Đức, Thành phố Hồ Chí Minh",Linh Trung,TP Thủ Đức,Thành phố Hồ Chí Minh,10.859958365000068,106.77364196600007,Goong Place Detail (POI),high,Danh mục chợ TP.HCM + Goong,2026-09-20T13:44:00+07:00,false
market:29,cho,Chợ truyền thống,Chợ Linh Xuân,"Chợ Linh Xuân, 50 Quốc Lộ 1K, Linh Xuân, Thủ Đức, Hồ Chí Minh",street_from_goong,Phường Linh Xuân,26800,Thành phố Hồ Chí Minh,"Linh xuân, TP Thủ Đức, Thành phố Hồ Chí Minh",Linh xuân,TP Thủ Đức,Thành phố Hồ Chí Minh,10.87747038200007,106.76616428300008,Goong Place Detail (POI),high,Danh mục chợ TP.HCM + Goong,2026-09-20T13:44:00+07:00,false
market:57,cho,Chợ truyền thống,Chợ Long Kiểng,"4, Đường Tôn Thất Thuyết, Quận 4, Hồ Chí Minh",street_from_goong,Phường Khánh Hội,27265,Thành phố Hồ Chí Minh,"4, 4, Thành phố Hồ Chí Minh",4,4,Thành phố Hồ Chí Minh,10.7531989,106.7055981,Goong Geocode (địa chỉ),medium,Danh mục chợ TP.HCM + Goong,2026-09-20T13:44:00+07:00,true
market:20,cho,Chợ truyền thống,Chợ Long Phước,"Long Phước, Hồ Chí Minh",street_from_goong,Phường Long Phước,26857,Thành phố Hồ Chí Minh,"Long Phước, TP Thủ Đức, Thành phố Hồ Chí Minh",Long Phước,TP Thủ Đức,Thành phố Hồ Chí Minh,10.8084572,106.859883,Goong Place Detail (POI),high,Danh mục chợ TP.HCM + Goong,2026-09-20T13:44:00+07:00,false
market:209,cho,Chợ truyền thống,Chợ Long Thạnh,"Chợ Long Thạnh, Long Hòa, Cần Giờ, Hồ Chí Minh",street_from_goong,Xã Cần Giờ,27664,Thành phố Hồ Chí Minh,"Long Hòa, Cần Giờ, Thành phố Hồ Chí Minh",Long Hòa,Cần Giờ,Thành phố Hồ Chí Minh,10.384861732000047,106.91094616600009,Goong Place Detail (POI),high,Danh mục chợ TP.HCM + Goong,2026-09-20T13:44:00+07:00,false
market:19,cho,Chợ truyền thống,Chợ Long Thạnh Mỹ,"227 Nguyễn Văn Tăng, Long Bình, Hồ Chí Minh",street_from_goong,Phường Long Bình,26833,Thành phố Hồ Chí Minh,"Long Thạnh Mỹ, TP Thủ Đức, Thành phố Hồ Chí Minh",Long Thạnh Mỹ,TP Thủ Đức,Thành phố Hồ Chí Minh,10.8424179,106.8205426,Goong Place Detail (POI),high,Danh mục chợ TP.HCM + Goong,2026-09-20T13:44:00+07:00,false
market:18,cho,Chợ truyền thống,Chợ Long Trường,"Chợ Long Trường, 460/4 Nguyễn Duy Trinh, Long Trường, Thủ Đức, Hồ Chí Minh",street_from_goong,Phường Long Trường,26860,Thành phố Hồ Chí Minh,"Long Trường, TP Thủ Đức, Thành phố Hồ Chí Minh",Long Trường,TP Thủ Đức,Thành phố Hồ Chí Minh,10.805971610000029,106.82234675700005,Goong Place Detail (POI),high,Danh mục chợ TP.HCM + Goong,2026-09-20T13:44:00+07:00,false
market:114,cho,Chợ truyền thống,Chợ Lê Hồng Phong,"Chợ Lê Hồng Phong, 57/23 Đường Hồ Thị Kỷ, Phường 1, Quận 10, Thành Phố Hồ Chí Minh",street_from_goong,Phường Vườn Lài,27190,Thành phố Hồ Chí Minh,"1, 10, Thành phố Hồ Chí Minh",1,10,Thành phố Hồ Chí Minh,10.764707,106.676704,Goong Place Detail (POI),high,Danh mục chợ TP.HCM + Goong,2026-09-20T13:44:00+07:00,false
market:32,cho,Chợ truyền thống,Chợ Lê Mai (Linh Trung 2),"Ngã 3 Linh Trung 2 - 1227 Tỉnh Lộ 43, Bình Chiểu, Thủ Đức, Hồ Chí Minh",street_from_goong,Phường Tam Bình,26803,Thành phố Hồ Chí Minh,"Bình Chiểu, TP Thủ Đức, Thành phố Hồ Chí Minh",Bình Chiểu,TP Thủ Đức,Thành phố Hồ Chí Minh,10.889835,106.727688,Goong Geocode (địa chỉ),medium,Danh mục chợ TP.HCM + Goong,2026-09-20T13:44:00+07:00,false
market:200,cho,Chợ truyền thống,Chợ Lê Minh Xuân,"Chợ lê minh xuân, ấp 5, Bình Chánh, Ho Chi Minh City",street_from_goong,Xã Tân Vĩnh Lộc,27604,Thành phố Hồ Chí Minh,"Lê Minh xuân, Bình Chánh, Thành phố Hồ Chí Minh",Lê Minh xuân,Bình Chánh,Thành phố Hồ Chí Minh,10.7859622,106.5527561,Goong Place Detail (POI),high,Danh mục chợ TP.HCM + Goong,2026-09-20T13:44:00+07:00,false
market:82,cho,Chợ truyền thống,Chợ Lò Gốm,"Chợ Lò Gốm, Kênh Tân Hóa - Lò Gốm, Phường 11, Quận 6, Hồ Chí Minh",street_from_goong,Phường Bình Tiên,27373,Thành phố Hồ Chí Minh,"11, 6, Thành phố Hồ Chí Minh",11,6,Thành phố Hồ Chí Minh,10.745231300000057,106.63878396000007,Goong Place Detail (POI),high,Danh mục chợ TP.HCM + Goong,2026-09-20T13:44:00+07:00,false
market:100,cho,Chợ truyền thống,Chợ Lò Than,"Chợ Lò Than, 1618 Phạm Thế Hiển, Phường 6, Quận 8, Hồ Chí Minh",street_from_goong,Phường Bình Tiên,27373,Thành phố Hồ Chí Minh,"6, 8, Thành phố Hồ Chí Minh",6,8,Thành phố Hồ Chí Minh,10.739974141000062,106.65413791700007,Goong Place Detail (POI),high,Danh mục chợ TP.HCM + Goong,2026-09-20T13:44:00+07:00,false
market:217,cho,Chợ truyền thống,Chợ Lô 6,"Chợ Lô 6, Tỉnh Lộ 7, An Nhơn Tây, Củ Chi, Hồ Chí Minh",street_from_goong,Xã An Nhơn Tây,27508,Thành phố Hồ Chí Minh,"An Nhơn Tây, Củ Chi, Thành phố Hồ Chí Minh",An Nhơn Tây,Củ Chi,Thành phố Hồ Chí Minh,11.059215400000028,106.47561370000005,Goong Place Detail (POI),high,Danh mục chợ TP.HCM + Goong,2026-09-20T13:44:00+07:00,false
market:215,cho,Chợ truyền thống,Chợ Lý Nhơn,"Lý Thái Bửu, Lý Nhơn, Cần Giờ, Hồ Chí Minh",street_from_goong,Xã An Thới Đông,27673,Thành phố Hồ Chí Minh,"Lý Nhơn, Cần Giờ, Thành phố Hồ Chí Minh",Lý Nhơn,Cần Giờ,Thành phố Hồ Chí Minh,10.47266014400003,106.76773964500006,Goong Geocode (địa chỉ),medium,Danh mục chợ TP.HCM + Goong,2026-09-20T13:44:00+07:00,false
market:128,cho,Chợ truyền thống,Chợ Lạc Quang,"Chợ Lạc Quang, Trường Chinh, Tân Thới Nhất, Quận 12, Hồ Chí Minh",street_from_goong,Phường Đông Hưng Thuận,26791,Thành phố Hồ Chí Minh,"Tân Thới Nhất, 12, Thành phố Hồ Chí Minh",Tân Thới Nhất,12,Thành phố Hồ Chí Minh,10.8346719,106.6201261,Goong Place Detail (POI),high,Danh mục chợ TP.HCM + Goong,2026-09-20T13:44:00+07:00,false
market:79,cho,Chợ truyền thống,Chợ Minh Phụng,"Chợ Minh Phụng, 122 Đ. Minh Phụng, Phường 6, Quận 6, Hồ Chí Minh",street_from_goong,Phường Bình Tây,27367,Thành phố Hồ Chí Minh,"6, 6, Thành phố Hồ Chí Minh",6,6,Thành phố Hồ Chí Minh,10.7502834,106.6425949,Goong Place Detail (POI),high,Danh mục chợ TP.HCM + Goong,2026-09-20T13:44:00+07:00,false
market:179,cho,Chợ truyền thống,Chợ Nam Hoà,"Chợ Nam Hòa, Đất Thánh, Phường 6, Tân Bình, Hồ Chí Minh",street_from_goong,Phường Tân Hòa,26995,Thành phố Hồ Chí Minh,"6, Tân Bình, Thành phố Hồ Chí Minh",6,Tân Bình,Thành phố Hồ Chí Minh,10.78299413800005,106.66025736000006,Goong Place Detail (POI),high,Danh mục chợ TP.HCM + Goong,2026-09-20T13:44:00+07:00,false
market:17,cho,Chợ truyền thống,Chợ Nam Hòa (Phước Long A),"26 Tây Hòa, Phước Long A, Thủ Đức, Hồ Chí Minh",street_from_goong,Phường Phước Long,26848,Thành phố Hồ Chí Minh,"Phước Long A, TP Thủ Đức, Thành phố Hồ Chí Minh",Phước Long A,TP Thủ Đức,Thành phố Hồ Chí Minh,10.826223858000048,106.76189359000006,Goong Geocode (địa chỉ),medium,Danh mục chợ TP.HCM + Goong,2026-09-20T13:44:00+07:00,true
market:127,cho,Chợ truyền thống,Chợ Ngã Ba Bầu,"Chợ Ngã Ba Bầu, 6/2 Tổ 39 kp3, Tân Chánh Hiệp, Quận 12, Hồ Chí Minh",street_from_goong,Phường Trung Mỹ Tây,26785,Thành phố Hồ Chí Minh,"Tân Chánh Hiệp, 12, Thành phố Hồ Chí Minh",Tân Chánh Hiệp,12,Thành phố Hồ Chí Minh,10.871631,106.619887,Goong Place Detail (POI),high,Danh mục chợ TP.HCM + Goong,2026-09-20T13:44:00+07:00,false
market:171,cho,Chợ truyền thống,Chợ Nghĩa Hoà,"Chợ Nghĩa Hòa, 42A Nghĩa Phát, Phường 7, Tân Bình, Hồ Chí Minh",street_from_goong,Phường Tân Sơn Nhất,26968,Thành phố Hồ Chí Minh,"7, Tân Bình, Thành phố Hồ Chí Minh",7,Tân Bình,Thành phố Hồ Chí Minh,10.787595671000076,106.65951373600006,Goong Place Detail (POI),high,Danh mục chợ TP.HCM + Goong,2026-09-20T13:44:00+07:00,false
market:106,cho,Chợ truyền thống,Chợ Nguyễn Chế Nghĩa,"Ban Quản Lý - Chợ Nguyễn Chế Nghĩa, 127 Nguyễn Chế Nghĩa, Phường 12, Quận 8, Hồ Chí Minh",street_from_goong,Phường Bình Tiên,27373,Thành phố Hồ Chí Minh,"12, 8, Thành phố Hồ Chí Minh",12,8,Thành phố Hồ Chí Minh,10.742529637000075,106.65391959100003,Goong Place Detail (POI),high,Danh mục chợ TP.HCM + Goong,2026-09-20T13:44:00+07:00,false
market:118,cho,Chợ truyền thống,Chợ Nguyễn Tri Phương,"Chợ Nguyễn Tri Phương, 68 Nguyễn Lâm, Phường 6, Quận 10, Hồ Chí Minh",street_from_goong,Phường Diên Hồng,27169,Thành phố Hồ Chí Minh,"6, 10, Thành phố Hồ Chí Minh",6,10,Thành phố Hồ Chí Minh,10.764447758000074,106.66365517100007,Goong Place Detail (POI),high,Danh mục chợ TP.HCM + Goong,2026-09-20T13:44:00+07:00,false
market:137,cho,Chợ truyền thống,Chợ Nguyễn Văn Chéo (Ông Mười),"Chợ Ông Mười, 203 Ấp Chiến Lược, Bình Hưng Hòa A, Bình Tân, Hồ Chí Minh",street_from_goong,Phường Bình Hưng Hòa,27439,Thành phố Hồ Chí Minh,"Bình Hưng Hòa A, Bình Tân, Thành phố Hồ Chí Minh",Bình Hưng Hòa A,Bình Tân,Thành phố Hồ Chí Minh,10.789699820000067,106.60413909800008,Goong Place Detail (POI),high,Danh mục chợ TP.HCM + Goong,2026-09-20T13:44:00+07:00,false
market:52,cho,Chợ truyền thống,Chợ Nguyễn Văn Trỗi,"Chợ Nguyễn Văn Trỗi/1 Đường Lê Văn Sỹ, Phường 12, Quận 3, Hồ Chí Minh",street_from_goong,Phường Nhiêu Lộc,27142,Thành phố Hồ Chí Minh,"12, 3, Thành phố Hồ Chí Minh",12,3,Thành phố Hồ Chí Minh,10.786595,106.6797236,Goong Place Detail (POI),high,Danh mục chợ TP.HCM + Goong,2026-09-20T13:44:00+07:00,false
market:167,cho,Chợ truyền thống,Chợ Nguyễn Đình Chiểu,"Chợ Nguyễn Đình Chiểu, 34 Lê Tự Tài, Phường 4, Phú Nhuận, Hồ Chí Minh",street_from_goong,Phường Đức Nhuận,27043,Thành phố Hồ Chí Minh,"4, Phú Nhuận, Thành phố Hồ Chí Minh",4,Phú Nhuận,Thành phố Hồ Chí Minh,10.804824211000039,106.67993713200008,Goong Place Detail (POI),high,Danh mục chợ TP.HCM + Goong,2026-09-20T13:44:00+07:00,false
market:134,cho,Chợ truyền thống,Chợ Ngã tư Ga,"Dê tươi ngã tư ga, Khu phố 3, Tổ 6, Thạnh Lộc, Quận 12, Hồ Chí Minh",street_from_goong,Phường An Phú Đông,26767,Thành phố Hồ Chí Minh,"Thạnh Lộc, 12, Thành phố Hồ Chí Minh",Thạnh Lộc,12,Thành phố Hồ Chí Minh,10.8585435,106.6795585,Goong Place Detail (POI),high,Danh mục chợ TP.HCM + Goong,2026-09-20T13:44:00+07:00,false
market:257,cho,Chợ truyền thống,Chợ Nhơn Đức,"Chợ Nhơn Đức, Ngô Quang Thắm, Nhơn Đức, Nhà Bè, Hồ Chí Minh",street_from_goong,Xã Hiệp Phước,27658,Thành phố Hồ Chí Minh,"Nhơn Đức, Nhà Bè, Thành phố Hồ Chí Minh",Nhơn Đức,Nhà Bè,Thành phố Hồ Chí Minh,10.66381870500004,106.69478383200004,Goong Place Detail (POI),high,Danh mục chợ TP.HCM + Goong,2026-09-20T13:44:00+07:00,false
market:116,cho,Chợ truyền thống,Chợ Nhật Tảo,"Chợ Nhật Tảo, 416 Đ. Nguyễn Tri Phương, Phường 4, Quận 10, Hồ Chí Minh",street_from_goong,Phường Diên Hồng,27169,Thành phố Hồ Chí Minh,"4, 10, Thành phố Hồ Chí Minh",4,10,Thành phố Hồ Chí Minh,10.7647341,106.6679278,Goong Place Detail (POI),high,Danh mục chợ TP.HCM + Goong,2026-09-20T13:44:00+07:00,false
market:244,cho,Chợ truyền thống,Chợ Nhị Bình,"WM6M+8GW, Bùi Công Trừng, Đông Thạnh, Hồ Chí Minh",street_from_goong,Xã Đông Thạnh,27568,Thành phố Hồ Chí Minh,"Nhị Bình, Hóc Môn, Thành phố Hồ Chí Minh",Nhị Bình,Hóc Môn,Thành phố Hồ Chí Minh,10.9108564,106.6838154,Goong Place Detail (POI),high,Danh mục chợ TP.HCM + Goong,2026-09-20T13:44:00+07:00,false
market:98,cho,Chợ truyền thống,Chợ Nhị Thiên Đường,"Chợ Nhị Thiên Đường, Hoàng Minh Đạo, Phường 5, Quận 8, Hồ Chí Minh",street_from_goong,Phường Bình Đông,27424,Thành phố Hồ Chí Minh,"5, 8, Thành phố Hồ Chí Minh",5,8,Thành phố Hồ Chí Minh,10.739451444000053,106.65724649500004,Goong Place Detail (POI),high,Danh mục chợ TP.HCM + Goong,2026-09-20T13:44:00+07:00,false
market:236,cho,Chợ truyền thống,Chợ Nhị Xuân,"Chợ Nhị Xuân, Nguyễn Văn Bứa, Xuân Thới Sơn, Hóc Môn, Hồ Chí Minh",street_from_goong,Xã Xuân Thới Sơn,27577,Thành phố Hồ Chí Minh,"Xuân Thới Sơn, Hóc Môn, Thành phố Hồ Chí Minh",Xuân Thới Sơn,Hóc Môn,Thành phố Hồ Chí Minh,10.871579674000031,106.53721326200008,Goong Place Detail (POI),high,Danh mục chợ TP.HCM + Goong,2026-09-20T13:44:00+07:00,false
market:152,cho,Chợ truyền thống,Chợ Phan Văn Trị,"Chợ Phan Văn Trị, 233A Phan Văn Trị, Phường 11, Bình Thạnh, Hồ Chí Minh",street_from_goong,Phường Bình Lợi Trung,26905,Thành phố Hồ Chí Minh,"11, Bình Thạnh, Thành phố Hồ Chí Minh",11,Bình Thạnh,Thành phố Hồ Chí Minh,10.812334121000049,106.69518508300007,Goong Place Detail (POI),high,Danh mục chợ TP.HCM + Goong,2026-09-20T13:44:00+07:00,false
market:68,cho,Chợ truyền thống,Chợ Phùng Hưng,"Chợ Phùng Hưng, 214 Đ. Phùng Hưng, Phường 14, Quận 5, Hồ Chí Minh",street_from_goong,Phường Chợ Lớn,27343,Thành phố Hồ Chí Minh,"14, 5, Thành phố Hồ Chí Minh",14,5,Thành phố Hồ Chí Minh,10.7531833,106.6574664,Goong Place Detail (POI),high,Danh mục chợ TP.HCM + Goong,2026-09-20T13:44:00+07:00,false
market:228,cho,Chợ truyền thống,Chợ Phú Hòa Đông,"Tiệm Đồ Sư Loan Phụng, 157 Tỉnh Lộ 15, Ấp Chợ, Phú Hòa Đông, Củ Chi, Hồ Chí Minh",street_from_goong,Xã Phú Hòa Đông,27541,Thành phố Hồ Chí Minh,"Phú Hòa Đông, Củ Chi, Thành phố Hồ Chí Minh",Phú Hòa Đông,Củ Chi,Thành phố Hồ Chí Minh,11.025161182000033,106.56461242400007,Goong Geocode (địa chỉ),medium,Danh mục chợ TP.HCM + Goong,2026-09-20T13:44:00+07:00,true
market:23,cho,Chợ truyền thống,Chợ Phú Hữu,"Chợ Phú hữu, Nguyễn Duy Trinh, Phú Hữu, Thủ Đức, Hồ Chí Minh",street_from_goong,Phường Long Trường,26860,Thành phố Hồ Chí Minh,"Phú Hữu, TP Thủ Đức, Thành phố Hồ Chí Minh",Phú Hữu,TP Thủ Đức,Thành phố Hồ Chí Minh,10.790726599000038,106.78969484500004,Goong Place Detail (POI),high,Danh mục chợ TP.HCM + Goong,2026-09-20T13:44:00+07:00,false
market:83,cho,Chợ truyền thống,Chợ Phú Lâm,"Chợ Phú Lâm, 54b Bà Hom, Phường 13, Quận 6, Thành phố Hồ Chí Minh",street_from_goong,Phường Phú Lâm,27349,Thành phố Hồ Chí Minh,"13, 6, Thành phố Hồ Chí Minh",13,6,Thành phố Hồ Chí Minh,10.7550621,106.6311919,Goong Place Detail (POI),high,Danh mục chợ TP.HCM + Goong,2026-09-20T13:44:00+07:00,false
market:101,cho,Chợ truyền thống,Chợ Phú Lợi 1,"Chợ Phú Lợi, 2670A Phạm Thế Hiển, Phường 7, Quận 8, Hồ Chí Minh",street_from_goong,Phường Phú Định,27427,Thành phố Hồ Chí Minh,"7, 8, Thành phố Hồ Chí Minh",7,8,Thành phố Hồ Chí Minh,10.723874637000051,106.63569881600006,Goong Place Detail (POI),high,Danh mục chợ TP.HCM + Goong,2026-09-20T13:44:00+07:00,false
market:112,cho,Chợ truyền thống,Chợ Phú Lợi 2,"Chợ Phú Lợi 2, 190 Đường 35A Trịnh Quang Nghị, Phường 7, Quận 8, Hồ Chí Minh",street_from_goong,Phường Bình Đông,27424,Thành phố Hồ Chí Minh,"7, 8, Thành phố Hồ Chí Minh",7,8,Thành phố Hồ Chí Minh,10.7082405,106.6225089,Goong Place Detail (POI),high,Danh mục chợ TP.HCM + Goong,2026-09-20T13:44:00+07:00,false
market:165,cho,Chợ truyền thống,Chợ Phú Nhuận,"Chợ Phú Nhuận, 123 Phan Đình Phùng, Phường 17, Phú Nhuận, Hồ Chí Minh",street_from_goong,Phường Cầu Kiệu,27058,Thành phố Hồ Chí Minh,"17, Phú Nhuận, Thành phố Hồ Chí Minh",17,Phú Nhuận,Thành phố Hồ Chí Minh,10.7943456,106.6831141,Goong Place Detail (POI),high,Danh mục chợ TP.HCM + Goong,2026-09-20T13:44:00+07:00,false
market:86,cho,Chợ truyền thống,Chợ Phú Thuận,"VinMart+, 84 Gò Ô Môi, Khu phố 2, Phú Thuận, Quận 7, Hồ Chí Minh",street_from_goong,Phường Phú Thuận,27484,Thành phố Hồ Chí Minh,"Phú Thuận, 7, Thành phố Hồ Chí Minh",Phú Thuận,7,Thành phố Hồ Chí Minh,10.729571060000069,106.73517273900006,Goong Geocode (địa chỉ),medium,Danh mục chợ TP.HCM + Goong,2026-09-20T13:44:00+07:00,true
market:123,cho,Chợ truyền thống,Chợ Phú Thọ,"Chợ Phú Thọ, 124 Lãnh Binh Thăng, Phường 13, Quận 11, Hồ Chí Minh",street_from_goong,Phường Phú Thọ,27226,Thành phố Hồ Chí Minh,"13, 11, Thành phố Hồ Chí Minh",13,11,Thành phố Hồ Chí Minh,10.762609885000074,106.65410283300008,Goong Place Detail (POI),high,Danh mục chợ TP.HCM + Goong,2026-09-20T13:44:00+07:00,false
market:186,cho,Chợ truyền thống,Chợ Phú Trung,"49, 24 Trịnh Đình Trọng, Tân Phú, Hồ Chí Minh",street_from_goong,Phường Hòa Bình,27211,Thành phố Hồ Chí Minh,"Phú Trung, Tân Phú, Thành phố Hồ Chí Minh",Phú Trung,Tân Phú,Thành phố Hồ Chí Minh,10.7738106,106.6432188,Goong Place Detail (POI),high,Danh mục chợ TP.HCM + Goong,2026-09-20T13:44:00+07:00,false
market:256,cho,Chợ truyền thống,Chợ Phú Xuân,"Chợ Phú Xuân, Nhà Bè, Nhà Bè, Hồ Chí Minh",street_from_goong,Xã Nhà Bè,27655,Thành phố Hồ Chí Minh,"Thị trấn Nhà Bè, Nhà Bè, Thành phố Hồ Chí Minh",Thị trấn Nhà Bè,Nhà Bè,Thành phố Hồ Chí Minh,10.70241379500004,106.73797824100006,Goong Place Detail (POI),high,Danh mục chợ TP.HCM + Goong,2026-09-20T13:44:00+07:00,false
market:76,cho,Chợ truyền thống,Chợ Phú Định,"Chợ Phú Định, 710/4D Đ. Hậu Giang, Phường 11, Quận 6, Hồ Chí Minh",street_from_goong,Phường Phú Lâm,27349,Thành phố Hồ Chí Minh,"12, 6, Thành phố Hồ Chí Minh",12,6,Thành phố Hồ Chí Minh,10.7481647,106.633182,Goong Place Detail (POI),high,Danh mục chợ TP.HCM + Goong,2026-09-20T13:44:00+07:00,false
market:110,cho,Chợ truyền thống,Chợ Phú Định,"48, Thanh Niên, Thành phố Hồ Chí Minh, Hồ Chí Minh",street_from_goong,Xã Tân Vĩnh Lộc,27604,Thành phố Hồ Chí Minh,"16, 8, Thành phố Hồ Chí Minh",16,8,Thành phố Hồ Chí Minh,10.7982119,106.5164569,Goong Geocode (địa chỉ),medium,Danh mục chợ TP.HCM + Goong,2026-09-20T13:44:00+07:00,true
market:258,cho,Chợ truyền thống,Chợ Phước Kiển (chợ Ấp 5),"Bách hóa Xanh, 71 Lê Văn Lương, Ấp 5, Phước Kiển, Nhà Bè, Hồ Chí Minh",street_from_goong,Phường Tân Hưng,27475,Thành phố Hồ Chí Minh,"Phước Kiển, Nhà Bè, Thành phố Hồ Chí Minh",Phước Kiển,Nhà Bè,Thành phố Hồ Chí Minh,10.722964502000025,106.69787182700009,Goong Geocode (địa chỉ),medium,Danh mục chợ TP.HCM + Goong,2026-09-20T13:44:00+07:00,false
market:16,cho,Chợ truyền thống,Chợ Phước Bình,"Chợ Phước Bình, 1B Đại Lộ 2, Phước Bình, Thủ Đức, Hồ Chí Minh",street_from_goong,Phường Phước Long,26848,Thành phố Hồ Chí Minh,"Phước Bình, TP Thủ Đức, Thành phố Hồ Chí Minh",Phước Bình,TP Thủ Đức,Thành phố Hồ Chí Minh,10.817168157000026,106.77204975300003,Goong Place Detail (POI),high,Danh mục chợ TP.HCM + Goong,2026-09-20T13:44:00+07:00,false
market:254,cho,Chợ truyền thống,Chợ Phước Kiển (chợ Ấp 1),"An Nam Kennel, Lê Văn Lương, Ấp 1, Phước Kiển, Nhà Bè, Hồ Chí Minh",street_from_goong,Xã Nhà Bè,27655,Thành phố Hồ Chí Minh,"Phước Kiển, Nhà Bè, Thành phố Hồ Chí Minh",Phước Kiển,Nhà Bè,Thành phố Hồ Chí Minh,10.6918593,106.6997948,Goong Geocode (địa chỉ),medium,Danh mục chợ TP.HCM + Goong,2026-09-20T13:44:00+07:00,true
market:94,cho,Chợ truyền thống,Chợ Phước Long,"Chợ Phước Long, 169 Phạm Hữu Lầu, Phú Mỹ, Quận 7, Hồ Chí Minh",street_from_goong,Phường Phú Thuận,27484,Thành phố Hồ Chí Minh,"Phú Mỹ, 7, Thành phố Hồ Chí Minh",Phú Mỹ,7,Thành phố Hồ Chí Minh,10.7044675,106.7325548,Goong Place Detail (POI),high,Danh mục chợ TP.HCM + Goong,2026-09-20T13:44:00+07:00,false
market:26,cho,Chợ truyền thống,Chợ Phước Long B,"Chợ Phước Long B, Đỗ Xuân Hợp, Phước Long B, Thủ Đức, Hồ Chí Minh",street_from_goong,Phường Phước Long,26848,Thành phố Hồ Chí Minh,"Phước Long B, TP Thủ Đức, Thành phố Hồ Chí Minh",Phước Long B,TP Thủ Đức,Thành phố Hồ Chí Minh,10.82930043500005,106.76853457500005,Goong Place Detail (POI),high,Danh mục chợ TP.HCM + Goong,2026-09-20T13:44:00+07:00,false
market:255,cho,Chợ truyền thống,Chợ Phước Lộc,"301 Đ. Đào Sư Tích, Nhà Bè, Hồ Chí Minh",street_from_goong,Xã Nhà Bè,27655,Thành phố Hồ Chí Minh,"Phước Lộc, Nhà Bè, Thành phố Hồ Chí Minh",Phước Lộc,Nhà Bè,Thành phố Hồ Chí Minh,10.7047524,106.6882019,Goong Place Detail (POI),high,Danh mục chợ TP.HCM + Goong,2026-09-20T13:44:00+07:00,false
market:226,cho,Chợ truyền thống,Chợ Phước Thạnh,"Chợ Phước Thạnh, Phước Thạnh, Củ Chi, Hồ Chí Minh",street_from_goong,Xã Thái Mỹ,27526,Thành phố Hồ Chí Minh,"Phước Thạnh, Củ Chi, Thành phố Hồ Chí Minh",Phước Thạnh,Củ Chi,Thành phố Hồ Chí Minh,11.0057669,106.4281464,Goong Place Detail (POI),high,Danh mục chợ TP.HCM + Goong,2026-09-20T13:44:00+07:00,false
market:97,cho,Chợ truyền thống,Chợ Phạm Thế Hiển,"Chợ Phạm Thế Hiển, Phạm Thế Hiển, Phường 4, Quận 8, Hồ Chí Minh",street_from_goong,Phường Chánh Hưng,27418,Thành phố Hồ Chí Minh,"4, 8, Thành phố Hồ Chí Minh",4,8,Thành phố Hồ Chí Minh,10.743228861000034,106.67111544000005,Goong Place Detail (POI),high,Danh mục chợ TP.HCM + Goong,2026-09-20T13:44:00+07:00,false
market:220,cho,Chợ truyền thống,Chợ Phạm Văn Cội,"Chợ Phạm Văn Cội, Phạm Văn Cội, Ấp 3, Phạm Văn Cội, Củ Chi, Hồ Chí Minh",street_from_goong,Xã Nhuận Đức,27511,Thành phố Hồ Chí Minh,"Phạm Văn Cội, Củ Chi, Thành phố Hồ Chí Minh",Phạm Văn Cội,Củ Chi,Thành phố Hồ Chí Minh,11.035293926000065,106.52309378100006,Goong Place Detail (POI),high,Danh mục chợ TP.HCM + Goong,2026-09-20T13:44:00+07:00,false
market:169,cho,Chợ truyền thống,Chợ Phạm Văn Hai,"Chợ Phạm Văn Hai, 128 Phạm Văn Hai, Phường 3, Tân Bình, Hồ Chí Minh",street_from_goong,Phường Tân Sơn Hòa,26977,Thành phố Hồ Chí Minh,"3, Tân Bình, Thành phố Hồ Chí Minh",3,Tân Bình,Thành phố Hồ Chí Minh,10.794736707000027,106.66280132600008,Goong Place Detail (POI),high,Danh mục chợ TP.HCM + Goong,2026-09-20T13:44:00+07:00,false
market:203,cho,Chợ truyền thống,Chợ Quy Đức,"Bưu Điện Quy Đức, Quốc lộ 50, Ấp 1, Qui Đức, Bình Chánh, Hồ Chí Minh",street_from_goong,Xã Hưng Long,27628,Thành phố Hồ Chí Minh,"Quy Đức, Bình Chánh, Thành phố Hồ Chí Minh",Quy Đức,Bình Chánh,Thành phố Hồ Chí Minh,10.6481071,106.6558407,Goong Place Detail (POI),high,Danh mục chợ TP.HCM + Goong,2026-09-20T13:44:00+07:00,false
market:108,cho,Chợ truyền thống,Chợ Rạch Cát,"Chợ Rạch Cát, 212 Mễ Cốc, Phường 15, Quận 8, Hồ Chí Minh",street_from_goong,Phường Bình Đông,27424,Thành phố Hồ Chí Minh,"15, 8, Thành phố Hồ Chí Minh",15,8,Thành phố Hồ Chí Minh,10.713419533000035,106.62546737600007,Goong Place Detail (POI),high,Danh mục chợ TP.HCM + Goong,2026-09-20T13:44:00+07:00,false
market:253,cho,Chợ truyền thống,Chợ Rạch Dĩa,"708 Lê Văn Lương, Ấp 5, huyện Nhà Bè, Hồ Chí Minh",street_from_goong,Phường Tân Hưng,27475,Thành phố Hồ Chí Minh,"Phước Kiển, Nhà Bè, Thành phố Hồ Chí Minh",Phước Kiển,Nhà Bè,Thành phố Hồ Chí Minh,10.7238004,106.6975699,Goong Place Detail (POI),high,Danh mục chợ TP.HCM + Goong,2026-09-20T13:44:00+07:00,false
market:96,cho,Chợ truyền thống,Chợ Rạch Ông,"Chợ Rạch Ông, Nguyễn Thị Tần, Phường 2, Quận 8, Hồ Chí Minh",street_from_goong,Phường Chánh Hưng,27418,Thành phố Hồ Chí Minh,"2, 8, Thành phố Hồ Chí Minh",2,8,Thành phố Hồ Chí Minh,10.746808509000061,106.68642230700004,Goong Place Detail (POI),high,Danh mục chợ TP.HCM + Goong,2026-09-20T13:44:00+07:00,false
market:188,cho,Chợ truyền thống,Chợ Sơn Kỳ,"Chợ Sơn Kỳ, 39 Bờ Bao Tân Thắng, Sơn Kỳ, Tân Phú, Hồ Chí Minh",street_from_goong,Phường Bình Hưng Hòa,27439,Thành phố Hồ Chí Minh,"Sơn Kỳ, Tân Phú, Thành phố Hồ Chí Minh",Sơn Kỳ,Tân Phú,Thành phố Hồ Chí Minh,10.805905988000063,106.62242206200006,Goong Place Detail (POI),high,Danh mục chợ TP.HCM + Goong,2026-09-20T13:44:00+07:00,false
market:37,cho,Chợ truyền thống,Chợ Tam Bình,"Chợ Tam Bình, Quốc Lộ 1A, Tổ 4 Khu phố 3, Tam Bình, Thủ Đức, Hồ Chí Minh",street_from_goong,Phường Tam Bình,26803,Thành phố Hồ Chí Minh,"Tam Bình, TP Thủ Đức, Thành phố Hồ Chí Minh",Tam Bình,TP Thủ Đức,Thành phố Hồ Chí Minh,10.870360359000074,106.73551929100006,Goong Place Detail (POI),high,Danh mục chợ TP.HCM + Goong,2026-09-20T13:44:00+07:00,false
market:28,cho,Chợ truyền thống,Chợ Tam Hà,"Chợ Tam Hà, Tô Ngọc Vân, Linh Đông, Thủ Đức, Hồ Chí Minh",street_from_goong,Phường Tam Bình,26803,Thành phố Hồ Chí Minh,"Linh Đông, TP Thủ Đức, Thành phố Hồ Chí Minh",Linh Đông,TP Thủ Đức,Thành phố Hồ Chí Minh,10.85957711900005,106.74719188700004,Goong Place Detail (POI),high,Danh mục chợ TP.HCM + Goong,2026-09-20T13:44:00+07:00,false
market:30,cho,Chợ truyền thống,Chợ Tam Hải,"chợ Tam Hải, 245 Đ. Gò Dưa, Tam Binh, Thủ Đức, Hồ Chí Minh",street_from_goong,Phường Tam Bình,26803,Thành phố Hồ Chí Minh,"Tam Bình, TP Thủ Đức, Thành phố Hồ Chí Minh",Tam Bình,TP Thủ Đức,Thành phố Hồ Chí Minh,10.8721981,106.7429526,Goong Place Detail (POI),high,Danh mục chợ TP.HCM + Goong,2026-09-20T13:44:00+07:00,false
market:207,cho,Chợ truyền thống,Chợ Tam Thôn Hiệp,"JV35+FRX, Tam Thôn Hiệp, ấp An Hòa, Bình Khánh, Hồ Chí Minh",street_from_goong,Xã Bình Khánh,27667,Thành phố Hồ Chí Minh,"Tam Thôn Hiệp, Cần Giờ, Thành phố Hồ Chí Minh",Tam Thôn Hiệp,Cần Giờ,Thành phố Hồ Chí Minh,10.603741,106.8596025,Goong Place Detail (POI),high,Danh mục chợ TP.HCM + Goong,2026-09-20T13:44:00+07:00,false
market:154,cho,Chợ truyền thống,Chợ Thanh Đa,"Chợ Thanh Đa, 20 Thanh Đa, Phường 27, Bình Thạnh, Hồ Chí Minh",street_from_goong,Phường Bình Quới,26911,Thành phố Hồ Chí Minh,"27, Bình Thạnh, Thành phố Hồ Chí Minh",27,Bình Thạnh,Thành phố Hồ Chí Minh,10.8163116,106.7210209,Goong Place Detail (POI),high,Danh mục chợ TP.HCM + Goong,2026-09-20T13:44:00+07:00,false
market:122,cho,Chợ truyền thống,Chợ Thiếc,"Chợ Thiếc, 129 Phó Cơ Điều, Phường 6, Quận 11, Hồ Chí Minh",street_from_goong,Phường Minh Phụng,27238,Thành phố Hồ Chí Minh,"6, 11, Thành phố Hồ Chí Minh",6,11,Thành phố Hồ Chí Minh,10.7596209,106.6567307,Goong Place Detail (POI),high,Danh mục chợ TP.HCM + Goong,2026-09-20T13:44:00+07:00,false
market:204,cho,Chợ truyền thống,Chợ Thuận Đạt,"Chợ Thuận Đạt, An Phú Tây - Hưng Long, Hưng Long, Bình Chánh, Hồ Chí Minh",street_from_goong,Xã Hưng Long,27628,Thành phố Hồ Chí Minh,"Hưng Long, Bình Chánh, Thành phố Hồ Chí Minh",Hưng Long,Bình Chánh,Thành phố Hồ Chí Minh,10.677298759000053,106.61734926600008,Goong Place Detail (POI),high,Danh mục chợ TP.HCM + Goong,2026-09-20T13:44:00+07:00,false
market:117,cho,Chợ truyền thống,Chợ Thành Thái,"Chợ Thành Thái, 135 Hẻm 135 Thành Thái, Phường 14, Quận 10, Thành Phố Hồ Chí Minh",street_from_goong,Phường Diên Hồng,27169,Thành phố Hồ Chí Minh,"14, 10, Thành phố Hồ Chí Minh",14,10,Thành phố Hồ Chí Minh,10.774741,106.664043,Goong Place Detail (POI),high,Danh mục chợ TP.HCM + Goong,2026-09-20T13:44:00+07:00,false
market:43,cho,Chợ truyền thống,Chợ Thái Bình,"Chợ Thái Bình, 232 Cống Quỳnh, Phạm Ngũ Lão, Quận 1, Hồ Chí Minh",street_from_goong,Phường Bến Thành,26743,Thành phố Hồ Chí Minh,"Phạm Ngũ Lão, 1, Thành phố Hồ Chí Minh",Phạm Ngũ Lão,1,Thành phố Hồ Chí Minh,10.766756061000024,106.68886803500004,Goong Place Detail (POI),high,Danh mục chợ TP.HCM + Goong,2026-09-20T13:44:00+07:00,false
market:12,cho,Chợ truyền thống,Chợ Thạnh Mỹ Lợi,"Chợ Thạnh Mỹ Lợi, Phạm Thận Duật, Thạnh Mỹ Lợi, Thủ Đức, Hồ Chí Minh",street_from_goong,Phường Cát Lái,27112,Thành phố Hồ Chí Minh,"Thạnh Mỹ Lợi, TP Thủ Đức, Thành phố Hồ Chí Minh",Thạnh Mỹ Lợi,TP Thủ Đức,Thành phố Hồ Chí Minh,10.769506273000047,106.76761594600003,Goong Place Detail (POI),high,Danh mục chợ TP.HCM + Goong,2026-09-20T13:44:00+07:00,false
market:129,cho,Chợ truyền thống,Chợ Thạnh xuân,"Chợ Thạnh Xuân, 12 Tô Ngọc Vân, KP5, Quận 12, Hồ Chí Minh",street_from_goong,Phường Thới An,26773,Thành phố Hồ Chí Minh,"Thạnh xuân, 12, Thành phố Hồ Chí Minh",Thạnh xuân,12,Thành phố Hồ Chí Minh,10.8799754,106.6782207,Goong Place Detail (POI),high,Danh mục chợ TP.HCM + Goong,2026-09-20T13:44:00+07:00,false
market:13,cho,Chợ truyền thống,Chợ Thảo Điền,"Chợ Thảo Điền, Thảo Điền, Thủ Đức, Hồ Chí Minh",street_from_goong,Phường An Khánh,27094,Thành phố Hồ Chí Minh,"Thảo Điền, TP Thủ Đức, Thành phố Hồ Chí Minh",Thảo Điền,TP Thủ Đức,Thành phố Hồ Chí Minh,10.802537351000069,106.72826327300004,Goong Place Detail (POI),high,Danh mục chợ TP.HCM + Goong,2026-09-20T13:44:00+07:00,false
market:153,cho,Chợ truyền thống,Chợ Thị Nghè,"Chợ Thị Nghè, 36R Công Trường Hòa Bình, Phường 19, Bình Thạnh, Hồ Chí Minh",street_from_goong,Phường Thạnh Mỹ Tây,26956,Thành phố Hồ Chí Minh,"19, Bình Thạnh, Thành phố Hồ Chí Minh",19,Bình Thạnh,Thành phố Hồ Chí Minh,10.7920208,106.7075493,Goong Place Detail (POI),high,Danh mục chợ TP.HCM + Goong,2026-09-20T13:44:00+07:00,false
market:133,cho,Chợ truyền thống,Chợ Thới An,"Thới An, Thành phố Hồ Chí Minh, Hồ Chí Minh",street_from_goong,Phường Thới An,26773,Thành phố Hồ Chí Minh,"Thới An, 12, Thành phố Hồ Chí Minh",Thới An,12,Thành phố Hồ Chí Minh,10.8834303,106.6703963,Goong Place Detail (POI),high,Danh mục chợ TP.HCM + Goong,2026-09-20T13:44:00+07:00,false
market:35,cho,Chợ truyền thống,Chợ Thủ Đức,"Chewy Chewy Lê Văn Ninh, Phường Linh Tây, Thủ Đức, Phường Linh Tây, Thủ Đức, 1 Lê Văn Ninh, Trường Thọ, Thủ Đức, Hồ Chí Minh",street_from_goong,Phường Linh Xuân,26800,Thành phố Hồ Chí Minh,"Trường Thọ, Linh Tây, TP Thủ Đức, Thành phố Hồ Chí Minh","Trường Thọ, Linh Tây",TP Thủ Đức,Thành phố Hồ Chí Minh,10.8496917,106.7534834,Goong Geocode (địa chỉ),low,Danh mục chợ TP.HCM + Goong,2026-09-20T13:44:00+07:00,true
market:223,cho,Chợ truyền thống,Chợ Trung An,"Gốm Trung An, 314, Ấp Chợ Trung An, Trung An, Củ Chi, Hồ Chí Minh",street_from_goong,Xã Bình Mỹ,27544,Thành phố Hồ Chí Minh,"Trung An, Củ Chi, Thành phố Hồ Chí Minh",Trung An,Củ Chi,Thành phố Hồ Chí Minh,10.992405714000029,106.58943027400005,Goong Place Detail (POI),high,Danh mục chợ TP.HCM + Goong,2026-09-20T13:44:00+07:00,false
market:237,cho,Chợ truyền thống,Chợ Trung Chánh,"Chợ Trung Chánh, Nguyễn Ảnh Thủ, Trung Chánh, Hóc Môn, Hồ Chí Minh",street_from_goong,Phường Trung Mỹ Tây,26785,Thành phố Hồ Chí Minh,"Trung Chánh, Hóc Môn, Thành phố Hồ Chí Minh",Trung Chánh,Hóc Môn,Thành phố Hồ Chí Minh,10.860594792000029,106.60999889900006,Goong Place Detail (POI),high,Danh mục chợ TP.HCM + Goong,2026-09-20T13:44:00+07:00,false
market:224,cho,Chợ truyền thống,Chợ Trung Lập Hạ (Tân Trung Hạ),"Xóm Mới, Trung Lập Hạ, Củ Chi, Hồ Chí Minh",street_from_goong,Xã Nhuận Đức,27511,Thành phố Hồ Chí Minh,"Trung Lập Hạ, Củ Chi, Thành phố Hồ Chí Minh",Trung Lập Hạ,Củ Chi,Thành phố Hồ Chí Minh,11.011342132000038,106.47049894300005,Goong Geocode (địa chỉ),medium,Danh mục chợ TP.HCM + Goong,2026-09-20T13:44:00+07:00,true
market:225,cho,Chợ truyền thống,Chợ Trung Lập Thượng,"Chợ Trung Lập Thượng, Tỉnh lộ 7, Trung Lập Thượng, Củ Chi, Hồ Chí Minh",street_from_goong,Xã Thái Mỹ,27526,Thành phố Hồ Chí Minh,"Trung Lập Thượng, Củ Chi, Thành phố Hồ Chí Minh",Trung Lập Thượng,Củ Chi,Thành phố Hồ Chí Minh,11.0500842,106.4551379,Goong Place Detail (POI),high,Danh mục chợ TP.HCM + Goong,2026-09-20T13:44:00+07:00,false
market:22,cho,Chợ truyền thống,Chợ Trường Thạnh (Tân Phú 2),"Bách hóa Xanh, 6-6A Lò Lu, Khu phố Phước Hiệp, Trường Thạnh, Thủ Đức, Hồ Chí Minh",street_from_goong,Phường Long Phước,26857,Thành phố Hồ Chí Minh,"Trường Thạnh, TP Thủ Đức, Thành phố Hồ Chí Minh",Trường Thạnh,TP Thủ Đức,Thành phố Hồ Chí Minh,10.825420648000033,106.81372339500007,Goong Geocode (địa chỉ),medium,Danh mục chợ TP.HCM + Goong,2026-09-20T13:44:00+07:00,false
market:166,cho,Chợ truyền thống,Chợ Trần Hữu Trang,"Chợ Trần Hữu Trang, 84C Trần Hữu Trang, Phường 10, Phú Nhuận, Hồ Chí Minh",street_from_goong,Phường Phú Nhuận,27073,Thành phố Hồ Chí Minh,"10, Phú Nhuận, Thành phố Hồ Chí Minh",10,Phú Nhuận,Thành phố Hồ Chí Minh,10.79344429300005,106.67207780700005,Goong Place Detail (POI),high,Danh mục chợ TP.HCM + Goong,2026-09-20T13:44:00+07:00,false
market:180,cho,Chợ truyền thống,Chợ Trần Văn Quang,"Chợ Trần Văn Quang, 32 Hẻm 77 Trần Văn Quang, Phường 10, Tân Bình, Hồ Chí Minh",street_from_goong,Phường Bảy Hiền,26983,Thành phố Hồ Chí Minh,"10, Tân Bình, Thành phố Hồ Chí Minh",10,Tân Bình,Thành phố Hồ Chí Minh,10.778697730000033,106.64693721800006,Goong Place Detail (POI),high,Danh mục chợ TP.HCM + Goong,2026-09-20T13:44:00+07:00,false
market:102,cho,Chợ truyền thống,Chợ Trần Văn Thành,"Trần Văn Thành, Phường Hưng Phú, Quận 8, Hồ Chí Minh",street_from_goong,Phường Chánh Hưng,27418,Thành phố Hồ Chí Minh,"8, 8, Thành phố Hồ Chí Minh",8,8,Thành phố Hồ Chí Minh,10.7510205,106.6802267,Goong Place Detail (POI),high,Danh mục chợ TP.HCM + Goong,2026-09-20T13:44:00+07:00,false
market:172,cho,Chợ truyền thống,Chợ Tân Bình,"Chợ Tân Bình, 172-174M Lý Thường Kiệt, Phường 8, Tân Bình, Hồ Chí Minh",street_from_goong,Phường Tân Hòa,26995,Thành phố Hồ Chí Minh,"8, Tân Bình, Thành phố Hồ Chí Minh",8,Tân Bình,Thành phố Hồ Chí Minh,10.786072799000067,106.65325489800006,Goong Place Detail (POI),high,Danh mục chợ TP.HCM + Goong,2026-09-20T13:44:00+07:00,false
market:130,cho,Chợ truyền thống,Chợ Tân Chánh Hiệp,"Chợ Tân Chánh Hiệp, Tô Ký, Tân Chánh Hiệp, Quận 12, Hồ Chí Minh",street_from_goong,Phường Trung Mỹ Tây,26785,Thành phố Hồ Chí Minh,"Tân Chánh Hiệp, 12, Thành phố Hồ Chí Minh",Tân Chánh Hiệp,12,Thành phố Hồ Chí Minh,10.85982758700004,106.61812579000008,Goong Place Detail (POI),high,Danh mục chợ TP.HCM + Goong,2026-09-20T13:44:00+07:00,false
market:84,cho,Chợ truyền thống,Chợ Tân Hòa Đông,"Chợ Tân Hòa Đông, 170E Tân Hòa Đông, Phường 14, Quận 6, Hồ Chí Minh",street_from_goong,Phường Phú Thạnh,27028,Thành phố Hồ Chí Minh,"14, 6, Thành phố Hồ Chí Minh",14,6,Thành phố Hồ Chí Minh,10.759718921000058,106.62715361700003,Goong Place Detail (POI),high,Danh mục chợ TP.HCM + Goong,2026-09-20T13:44:00+07:00,false
market:173,cho,Chợ truyền thống,Chợ Tân Hưng,"Chợ Tân Hưng, 95 Hẻm 373 Lý Thường Kiệt, Phường 9, Tân Bình, Hồ Chí Minh",street_from_goong,Phường Tân Hòa,26995,Thành phố Hồ Chí Minh,"9, Tân Bình, Thành phố Hồ Chí Minh",9,Tân Bình,Thành phố Hồ Chí Minh,10.779276822000043,106.65257105900008,Goong Place Detail (POI),high,Danh mục chợ TP.HCM + Goong,2026-09-20T13:44:00+07:00,false
market:184,cho,Chợ truyền thống,Chợ Tân Hương,"Chợ Tân Hương, 198 Tân Hương, Tân Quý, Tân Phú, Hồ Chí Minh",street_from_goong,Phường Phú Thọ Hòa,27022,Thành phố Hồ Chí Minh,"Tân Qúy, Tân Phú, Thành phố Hồ Chí Minh",Tân Qúy,Tân Phú,Thành phố Hồ Chí Minh,10.79024400000003,106.62279200000006,Goong Place Detail (POI),high,Danh mục chợ TP.HCM + Goong,2026-09-20T13:44:00+07:00,false
market:87,cho,Chợ truyền thống,Chợ Tân Kiểng 1,"Chợ Tân Kiểng 1, 193 Trần Xuân Soạn, Tân Kiểng, Quận 7, Hồ Chí Minh",street_from_goong,Phường Tân Hưng,27475,Thành phố Hồ Chí Minh,"Tân Kiểng, 7, Thành phố Hồ Chí Minh",Tân Kiểng,7,Thành phố Hồ Chí Minh,10.751655979000077,106.70533890800004,Goong Place Detail (POI),high,Danh mục chợ TP.HCM + Goong,2026-09-20T13:44:00+07:00,false
market:88,cho,Chợ truyền thống,Chợ Tân Kiểng 2,"Chợ Tân Kiểng 2, 239 Lê Văn Lương, Tân Kiểng, Quận 7, Hồ Chí Minh",street_from_goong,Phường Tân Hưng,27475,Thành phố Hồ Chí Minh,"Tân Kiểng, 7, Thành phố Hồ Chí Minh",Tân Kiểng,7,Thành phố Hồ Chí Minh,10.74534865000004,106.70480513800004,Goong Place Detail (POI),high,Danh mục chợ TP.HCM + Goong,2026-09-20T13:44:00+07:00,false
market:9,cho,Chợ truyền thống,Chợ Tân Lập,"Chợ Tân Lập, 594 Nguyễn Duy Trinh, Bình Trưng Đông, Thủ Đức, Hồ Chí Minh",street_from_goong,Phường Bình Trưng,27097,Thành phố Hồ Chí Minh,"Bình Trưng Đông, TP Thủ Đức, Thành phố Hồ Chí Minh",Bình Trưng Đông,TP Thủ Đức,Thành phố Hồ Chí Minh,10.788212470000076,106.77694271300004,Goong Place Detail (POI),high,Danh mục chợ TP.HCM + Goong,2026-09-20T13:44:00+07:00,false
market:89,cho,Chợ truyền thống,Chợ Tân Mỹ,"UBND phường Tân Phú, Đường số 9, Khu phố 1, Tân Phú, Quận 7, Hồ Chí Minh",street_from_goong,Phường Tân Mỹ,27487,Thành phố Hồ Chí Minh,"Tân Phú, 7, Thành phố Hồ Chí Minh",Tân Phú,7,Thành phố Hồ Chí Minh,10.7356998,106.7194269,Goong Geocode (địa chỉ),medium,Danh mục chợ TP.HCM + Goong,2026-09-20T13:44:00+07:00,true
market:242,cho,Chợ truyền thống,Chợ Tân Mỹ,"Chợ tân mỹ, Đường A, Xuân Thới Đông, Hóc Môn, Hồ Chí Minh",street_from_goong,Xã Xuân Thới Sơn,27577,Thành phố Hồ Chí Minh,"Xuân Thới Đông, Hóc Môn, Thành phố Hồ Chí Minh",Xuân Thới Đông,Hóc Môn,Thành phố Hồ Chí Minh,10.8570285,106.6053766,Goong Place Detail (POI),high,Danh mục chợ TP.HCM + Goong,2026-09-20T13:44:00+07:00,false
market:201,cho,Chợ truyền thống,Chợ Tân Nhựt,"Chợ Tân Nhựt, Thế Lữ, Tân Nhựt, Bình Chánh, Hồ Chí Minh",street_from_goong,Xã Tân Nhựt,27595,Thành phố Hồ Chí Minh,"Tân Nhựt, Bình Chánh, Thành phố Hồ Chí Minh",Tân Nhựt,Bình Chánh,Thành phố Hồ Chí Minh,10.705556125000044,106.56434346500004,Goong Place Detail (POI),high,Danh mục chợ TP.HCM + Goong,2026-09-20T13:44:00+07:00,false
market:21,cho,Chợ truyền thống,Chợ Tân Phú,"61, 2 Bá Tòng, Phú Thọ Hòa, Hồ Chí Minh",street_from_goong,Phường Phú Thọ Hòa,27022,Thành phố Hồ Chí Minh,"Tân Phú, TP Thủ Đức, Thành phố Hồ Chí Minh",Tân Phú,TP Thủ Đức,Thành phố Hồ Chí Minh,10.7911792,106.6362995,Goong Place Detail (POI),high,Danh mục chợ TP.HCM + Goong,2026-09-20T13:44:00+07:00,false
market:185,cho,Chợ truyền thống,Chợ Tân Phú 2,"16, Đường Hoàng Ngọc Phách, Thành phố Hồ Chí Minh, Hồ Chí Minh",street_from_goong,Phường Phú Thọ Hòa,27022,Thành phố Hồ Chí Minh,"Phú Hòa Thọ, Tân Phú, Thành phố Hồ Chí Minh",Phú Hòa Thọ,Tân Phú,Thành phố Hồ Chí Minh,10.7842758,106.6253399,Goong Geocode (địa chỉ),medium,Danh mục chợ TP.HCM + Goong,2026-09-20T13:44:00+07:00,true
market:174,cho,Chợ truyền thống,Chợ Tân Phước,"Chợ Tân Phước, 122 Đ. Âu Cơ, Phường 9, Tân Bình, Hồ Chí Minh",street_from_goong,Phường Hòa Bình,27211,Thành phố Hồ Chí Minh,"9, Tân Bình, Thành phố Hồ Chí Minh",9,Tân Bình,Thành phố Hồ Chí Minh,10.7710473,106.6509111,Goong Place Detail (POI),high,Danh mục chợ TP.HCM + Goong,2026-09-20T13:44:00+07:00,false
market:90,cho,Chợ truyền thống,Chợ Tân Quy,"Chợ Tân Quy, 19 Đường Số 15, Tân Quy, Quận 7, Hồ Chí Minh",street_from_goong,Phường Tân Hưng,27475,Thành phố Hồ Chí Minh,"Tân Quy, 7, Thành phố Hồ Chí Minh",Tân Quy,7,Thành phố Hồ Chí Minh,10.7452184,106.7063183,Goong Place Detail (POI),high,Danh mục chợ TP.HCM + Goong,2026-09-20T13:44:00+07:00,false
market:157,cho,Chợ truyền thống,Chợ Tân Sơn Nhất,"Chợ Tân Sơn Nhất, Hẻm 689 Nguyễn Kiệm, Phường 3, Gò Vấp, Hồ Chí Minh",street_from_goong,Phường Hạnh Thông,26890,Thành phố Hồ Chí Minh,"3, Gò Vấp, Thành phố Hồ Chí Minh",3,Gò Vấp,Thành phố Hồ Chí Minh,10.815368840000076,106.67775163100004,Goong Place Detail (POI),high,Danh mục chợ TP.HCM + Goong,2026-09-20T13:44:00+07:00,false
market:91,cho,Chợ truyền thống,Chợ Tân Thuận,"Chợ Tân Thuận, Trần Văn Khánh, Tân Thuận Đông, Quận 7, Hồ Chí Minh",street_from_goong,Phường Tân Thuận,27478,Thành phố Hồ Chí Minh,"Tân Thuận Đông, 7, Thành phố Hồ Chí Minh",Tân Thuận Đông,7,Thành phố Hồ Chí Minh,10.7554945,106.7232462,Goong Place Detail (POI),high,Danh mục chợ TP.HCM + Goong,2026-09-20T13:44:00+07:00,false
market:66,cho,Chợ truyền thống,Chợ Tân Thành,"Phụ tùng xe máy Tèo, Sạp 9E-10E, Phạm Hữu Chí, Phường 12, Quận 5, Hồ Chí Minh",street_from_goong,Phường Chợ Lớn,27343,Thành phố Hồ Chí Minh,"12, 5, Thành phố Hồ Chí Minh",12,5,Thành phố Hồ Chí Minh,10.755296710000039,106.65582275000008,Goong Geocode (địa chỉ),medium,Danh mục chợ TP.HCM + Goong,2026-09-20T13:44:00+07:00,true
market:231,cho,Chợ truyền thống,Chợ Tân Thông Hội,"Chợ Tân Thông Hội, Liêu Bình Hương, Tân Thông Hội, Củ Chi, Hồ Chí Minh",street_from_goong,Xã Tân An Hội,27496,Thành phố Hồ Chí Minh,"Tân Thông Hội, Củ Chi, Thành phố Hồ Chí Minh",Tân Thông Hội,Củ Chi,Thành phố Hồ Chí Minh,10.963182390000043,106.50407773300009,Goong Place Detail (POI),high,Danh mục chợ TP.HCM + Goong,2026-09-20T13:44:00+07:00,false
market:222,cho,Chợ truyền thống,Chợ Tân Thạnh Tây,"381A TL8, ấp tây, Tân An Hội, Hồ Chí Minh",street_from_goong,Xã Tân An Hội,27496,Thành phố Hồ Chí Minh,"Tân Thạnh Tây, Củ Chi, Thành phố Hồ Chí Minh",Tân Thạnh Tây,Củ Chi,Thành phố Hồ Chí Minh,10.9643293,106.4844753,Goong Place Detail (POI),high,Danh mục chợ TP.HCM + Goong,2026-09-20T13:44:00+07:00,false
market:246,cho,Chợ truyền thống,Chợ Tân Thới Nhì,"Cửa hàng Hoa Kiểng Mỹ Lan, Quốc Lộ 22, Ấp Thống Nhất 1, Tân Thới Nhì, Hóc Môn, Hồ Chí Minh",street_from_goong,Xã Xuân Thới Sơn,27577,Thành phố Hồ Chí Minh,"Tân Thới Nhì, Hóc Môn, Thành phố Hồ Chí Minh",Tân Thới Nhì,Hóc Môn,Thành phố Hồ Chí Minh,10.893529061000038,106.58053039400005,Goong Geocode (địa chỉ),medium,Danh mục chợ TP.HCM + Goong,2026-09-20T13:44:00+07:00,true
market:182,cho,Chợ truyền thống,Chợ Tân Trụ,"15 Nguyễn Sỹ Sách, Phường 15, Tân Bình, Hồ Chí Minh",street_from_goong,Phường Tân Bình,27004,Thành phố Hồ Chí Minh,"15, Tân Bình, Thành phố Hồ Chí Minh",15,Tân Bình,Thành phố Hồ Chí Minh,10.819038823000028,106.63396057900007,Goong Geocode (địa chỉ),medium,Danh mục chợ TP.HCM + Goong,2026-09-20T13:44:00+07:00,true
market:196,cho,Chợ truyền thống,Chợ Tân Đoàn Việt (Phong Phú),"Chợ Tân Đoàn Việt, B5/119 Quốc Lộ 50, Phong Phú, Bình Chánh, Hồ Chí Minh",street_from_goong,Xã Bình Hưng,27619,Thành phố Hồ Chí Minh,"Phong Phú, Bình Chánh, Thành phố Hồ Chí Minh",Phong Phú,Bình Chánh,Thành phố Hồ Chí Minh,10.690690714000027,106.65389467500006,Goong Place Detail (POI),high,Danh mục chợ TP.HCM + Goong,2026-09-20T13:44:00+07:00,false
market:45,cho,Chợ truyền thống,Chợ Tân Định,"Chợ Tân Định, 336 Hai Bà Trưng, Phường Tân Định, Quận 1, Hồ Chí Minh",street_from_goong,Phường Tân Định,26737,Thành phố Hồ Chí Minh,"Tân Định, 1, Thành phố Hồ Chí Minh",Tân Định,1,Thành phố Hồ Chí Minh,10.7897046,106.6898413,Goong Place Detail (POI),high,Danh mục chợ TP.HCM + Goong,2026-09-20T13:44:00+07:00,false
market:46,cho,Chợ truyền thống,Chợ Tôn Thất Đạm,"Chợ Tôn Thất Đạm, 62 Tôn Thất Đàm, Bến Nghé, Quận 1, Hồ Chí Minh",street_from_goong,Phường Sài Gòn,26740,Thành phố Hồ Chí Minh,"Bến Nghé, 1, Thành phố Hồ Chí Minh",Bến Nghé,1,Thành phố Hồ Chí Minh,10.771231553000064,106.70337002000008,Goong Place Detail (POI),high,Danh mục chợ TP.HCM + Goong,2026-09-20T13:44:00+07:00,false
market:15,cho,Chợ truyền thống,Chợ Tăng Nhơn Phú A,"Chợ Tăng Nhơn Phú A, Tăng Nhơn Phú A, Thủ Đức, Hồ Chí Minh",street_from_goong,Phường Tăng Nhơn Phú,26842,Thành phố Hồ Chí Minh,"Tăng Nhơn Phú A, TP Thủ Đức, Thành phố Hồ Chí Minh",Tăng Nhơn Phú A,TP Thủ Đức,Thành phố Hồ Chí Minh,10.844519432000027,106.78792793000008,Goong Place Detail (POI),high,Danh mục chợ TP.HCM + Goong,2026-09-20T13:44:00+07:00,false
market:25,cho,Chợ truyền thống,Chợ Tăng Nhơn Phú B,"Chợ Tăng Nhơn Phú B, 263 Đình Phong Phú, Tăng Nhơn Phú B, Thủ Đức, Hồ Chí Minh",street_from_goong,Phường Tăng Nhơn Phú,26842,Thành phố Hồ Chí Minh,"Tăng Nhơn Phú B, TP Thủ Đức, Thành phố Hồ Chí Minh",Tăng Nhơn Phú B,TP Thủ Đức,Thành phố Hồ Chí Minh,10.83122062600006,106.78399462700008,Goong Place Detail (POI),high,Danh mục chợ TP.HCM + Goong,2026-09-20T13:44:00+07:00,false
market:36,cho,Chợ truyền thống,Chợ Từ Đức,"Chợ Từ Đức, 29 Nguyễn Bá Luật, Bình Thọ, Thủ Đức, Hồ Chí Minh",street_from_goong,Phường Thủ Đức,26824,Thành phố Hồ Chí Minh,"Bình Thọ, TP Thủ Đức, Thành phố Hồ Chí Minh",Bình Thọ,TP Thủ Đức,Thành phố Hồ Chí Minh,10.848769093000044,106.76605218500004,Goong Place Detail (POI),high,Danh mục chợ TP.HCM + Goong,2026-09-20T13:44:00+07:00,false
market:177,cho,Chợ truyền thống,Chợ Võ Thành Trang,"Chợ Võ Thành Trang, 523 Trường Chinh, Phường 14, Tân Bình, Hồ Chí Minh",street_from_goong,Phường Tân Sơn Nhì,27019,Thành phố Hồ Chí Minh,"14, Tân Bình, Thành phố Hồ Chí Minh",14,Tân Bình,Thành phố Hồ Chí Minh,10.800406807000059,106.63782601300005,Goong Place Detail (POI),high,Danh mục chợ TP.HCM + Goong,2026-09-20T13:44:00+07:00,false
market:155,cho,Chợ truyền thống,Chợ Văn Thánh (mới),"Chợ Văn Thánh mới, Phường 25, Bình Thạnh, Hồ Chí Minh",street_from_goong,Phường Thạnh Mỹ Tây,26956,Thành phố Hồ Chí Minh,"25, Bình Thạnh, Thành phố Hồ Chí Minh",25,Bình Thạnh,Thành phố Hồ Chí Minh,10.801854043000048,106.72081575600004,Goong Place Detail (POI),high,Danh mục chợ TP.HCM + Goong,2026-09-20T13:44:00+07:00,false
market:191,cho,Chợ truyền thống,Chợ Vĩnh Lộc,"Công Ty TNHH SXTM Liên Thành Phát, D19/31 Hương lộ 80, ấp 4, xã Vĩnh Lộc B, Âp 4،, Bình Chánh, Hồ Chí Minh",street_from_goong,Xã Vĩnh Lộc,27601,Thành phố Hồ Chí Minh,"Vĩnh Lộc B, Bình Chánh, Thành phố Hồ Chí Minh",Vĩnh Lộc B,Bình Chánh,Thành phố Hồ Chí Minh,10.8092999,106.5741925,Goong Geocode (địa chỉ),medium,Danh mục chợ TP.HCM + Goong,2026-09-20T13:44:00+07:00,true
market:205,cho,Chợ truyền thống,Chợ Vĩnh Lộc A (Chợ ấp 4),"ấp 4, 7 Quách Điêu, Vĩnh Lộc A, Bình Chánh, Hồ Chí Minh",street_from_goong,Xã Vĩnh Lộc,27601,Thành phố Hồ Chí Minh,"Vĩnh Lộc A, Bình Chánh, Thành phố Hồ Chí Minh",Vĩnh Lộc A,Bình Chánh,Thành phố Hồ Chí Minh,10.8166335,106.5759922,Goong Geocode (địa chỉ),medium,Danh mục chợ TP.HCM + Goong,2026-09-20T13:44:00+07:00,false
market:50,cho,Chợ truyền thống,Chợ Vườn Chuối,"Chợ Vườn Chuối, 428 Nguyễn Đình Chiểu, Phường 4, Quận 3, Hồ Chí Minh",street_from_goong,Phường Bàn Cờ,27154,Thành phố Hồ Chí Minh,"4, 3, Thành phố Hồ Chí Minh",4,3,Thành phố Hồ Chí Minh,10.7729598,106.684595,Goong Place Detail (POI),high,Danh mục chợ TP.HCM + Goong,2026-09-20T13:44:00+07:00,false
market:109,cho,Chợ truyền thống,Chợ Vạn Nguyên,"Chợ Vạn Nguyên, 17 Mễ Cốc, Phường 15, Quận 8, Hồ Chí Minh",street_from_goong,Phường Phú Định,27427,Thành phố Hồ Chí Minh,"15, 8, Thành phố Hồ Chí Minh",15,8,Thành phố Hồ Chí Minh,10.728067315000033,106.63246962900007,Goong Place Detail (POI),high,Danh mục chợ TP.HCM + Goong,2026-09-20T13:44:00+07:00,false
market:67,cho,Chợ truyền thống,Chợ Vật Liệu Xây Dựng,"Chợ Vật Liệu Xây Dựng, 1A Trịnh Hoài Đức, Phường 13, Quận 5, Hồ Chí Minh",street_from_goong,Phường Chợ Lớn,27343,Thành phố Hồ Chí Minh,"13, 5, Thành phố Hồ Chí Minh",13,5,Thành phố Hồ Chí Minh,10.7493292,106.6591886,Goong Place Detail (POI),high,Danh mục chợ TP.HCM + Goong,2026-09-20T13:44:00+07:00,false
market:64,cho,Chợ truyền thống,Chợ Vật Tư,"Chợ vật tư quận 5, 133 Hải Thượng Lãn Ông, Phường 10, Quận 5, Hồ Chí Minh",street_from_goong,Phường Phú Định,27427,Thành phố Hồ Chí Minh,"10, 5, Thành phố Hồ Chí Minh",10,5,Thành phố Hồ Chí Minh,10.750272351000035,106.66034208700006,Goong Place Detail (POI),high,Danh mục chợ TP.HCM + Goong,2026-09-20T13:44:00+07:00,false
market:39,cho,Chợ truyền thống,Chợ Xuân Hiệp,"Chợ Xuân Hiệp, Đường Số 6, Linh Xuân, Thủ Đức, Hồ Chí Minh",street_from_goong,Phường Linh Xuân,26800,Thành phố Hồ Chí Minh,"Linh xuân, TP Thủ Đức, Thành phố Hồ Chí Minh",Linh xuân,TP Thủ Đức,Thành phố Hồ Chí Minh,10.880115887000045,106.77312439200006,Goong Place Detail (POI),high,Danh mục chợ TP.HCM + Goong,2026-09-20T13:44:00+07:00,false
market:239,cho,Chợ truyền thống,Chợ Xuân Thới Thượng,"44 Xuân Thới Thượng 4 - 1, Bà Điểm, Hồ Chí Minh",street_from_goong,Xã Bà Điểm,27592,Thành phố Hồ Chí Minh,"Xuân Thới Thượng, Hóc Môn, Thành phố Hồ Chí Minh",Xuân Thới Thượng,Hóc Môn,Thành phố Hồ Chí Minh,10.8636449,106.5689113,Goong Place Detail (POI),high,Danh mục chợ TP.HCM + Goong,2026-09-20T13:44:00+07:00,false
market:65,cho,Chợ truyền thống,Chợ Xã Tây,"Chợ xã Tây, 643 Nguyễn Trãi, Phường 11, Quận 5, Hồ Chí Minh",street_from_goong,Phường Chợ Lớn,27343,Thành phố Hồ Chí Minh,"11, 5, Thành phố Hồ Chí Minh",11,5,Thành phố Hồ Chí Minh,10.753095694000024,106.66284078500007,Goong Place Detail (POI),high,Danh mục chợ TP.HCM + Goong,2026-09-20T13:44:00+07:00,false
market:54,cho,Chợ truyền thống,Chợ Xóm Chiếu,"Chợ Xóm Chiếu, Đinh Lễ, Phường 12 (Quận4), Quận 4, Hồ Chí Minh",street_from_goong,Phường Xóm Chiếu,27259,Thành phố Hồ Chí Minh,"12, 4, Thành phố Hồ Chí Minh",12,4,Thành phố Hồ Chí Minh,10.7635635,106.7060311,Goong Place Detail (POI),high,Danh mục chợ TP.HCM + Goong,2026-09-20T13:44:00+07:00,false
market:105,cho,Chợ truyền thống,Chợ Xóm Củi,"Chợ Xóm Củi, 122 Đ.Tùng Thiện Vương, Phường 11, Quận 8, Hồ Chí Minh",street_from_goong,Phường Phú Định,27427,Thành phố Hồ Chí Minh,"11, 8, Thành phố Hồ Chí Minh",11,8,Thành phố Hồ Chí Minh,10.7464033,106.6605566,Goong Place Detail (POI),high,Danh mục chợ TP.HCM + Goong,2026-09-20T13:44:00+07:00,false
market:161,cho,Chợ truyền thống,Chợ Xóm Mới,"Chợ Xóm Mới, 21 Đ. Lê Đức Thọ, Phường 16, Gò Vấp, Hồ Chí Minh",street_from_goong,Phường An Hội Đông,26878,Thành phố Hồ Chí Minh,"16, Gò Vấp, Thành phố Hồ Chí Minh",16,Gò Vấp,Thành phố Hồ Chí Minh,10.8499855,106.6642448,Goong Place Detail (POI),high,Danh mục chợ TP.HCM + Goong,2026-09-20T13:44:00+07:00,false
market:197,cho,Chợ truyền thống,Chợ chợ tạm ấp 2,"ấp 2, Bình Hưng, Bình Chánh, Hồ Chí Minh",street_from_goong,Xã Bình Hưng,27619,Thành phố Hồ Chí Minh,"Bình Hưng, Bình Chánh, Thành phố Hồ Chí Minh",Bình Hưng,Bình Chánh,Thành phố Hồ Chí Minh,10.717763450000064,106.65583144900006,Goong Geocode (địa chỉ),medium,Danh mục chợ TP.HCM + Goong,2026-09-20T13:44:00+07:00,false
market:47,cho,Chợ truyền thống,Chợ Đakao,"Chợ Đakao, 23 Nguyễn Huy Tự, Đa Kao, Quận 1, Hồ Chí Minh",street_from_goong,Phường Sài Gòn,26740,Thành phố Hồ Chí Minh,"Đakao, 1, Thành phố Hồ Chí Minh",Đakao,1,Thành phố Hồ Chí Minh,10.7925595,106.6966148,Goong Place Detail (POI),high,Danh mục chợ TP.HCM + Goong,2026-09-20T13:44:00+07:00,false
market:238,cho,Chợ truyền thống,Chợ Đình (Xuân Thới Sơn),"Đình Hòa Bình, Nguyễn Văn Bứa, Ấp 2, Xuân Thới Sơn, Hóc Môn, Hồ Chí Minh",street_from_goong,Xã Xuân Thới Sơn,27577,Thành phố Hồ Chí Minh,"Xuân Thới Sơn, Hóc Môn, Thành phố Hồ Chí Minh",Xuân Thới Sơn,Hóc Môn,Thành phố Hồ Chí Minh,10.88152087800006,106.58321460500008,Goong Geocode (địa chỉ),medium,Danh mục chợ TP.HCM + Goong,2026-09-20T13:44:00+07:00,false
market:195,cho,Chợ truyền thống,Chợ Đông Thành,"ấp 4, Bình Chánh, Bình Chánh, Hồ Chí Minh",street_from_goong,Xã Bình Chánh,27637,Thành phố Hồ Chí Minh,"Bình Chánh, Bình Chánh, Thành phố Hồ Chí Minh",Bình Chánh,Bình Chánh,Thành phố Hồ Chí Minh,10.66478248900006,106.57221983600004,Goong Geocode (địa chỉ),medium,Danh mục chợ TP.HCM + Goong,2026-09-20T13:44:00+07:00,true
market:240,cho,Chợ truyền thống,Chợ Đông Thạnh,"Chợ đông thạnh, 249 Đặng Thúc Vịnh ấp 7, Đông Thạnh, Hóc Môn, Hồ Chí Minh",street_from_goong,Xã Đông Thạnh,27568,Thành phố Hồ Chí Minh,"Đông Thạnh, Hóc Môn, Thành phố Hồ Chí Minh",Đông Thạnh,Hóc Môn,Thành phố Hồ Chí Minh,10.9041919,106.6365834,Goong Place Detail (POI),high,Danh mục chợ TP.HCM + Goong,2026-09-20T13:44:00+07:00,false
market:247,cho,Chợ truyền thống,Chợ Đại Hải,"Chợ Đại Hải, 68 Phan Văn Hớn, Xuân Thới Thượng, Hóc Môn, Hồ Chí Minh",street_from_goong,Xã Bà Điểm,27592,Thành phố Hồ Chí Minh,"Xuân Thới Thượng, Hóc Môn, Thành phố Hồ Chí Minh",Xuân Thới Thượng,Hóc Môn,Thành phố Hồ Chí Minh,10.848877888000061,106.58893582700006,Goong Place Detail (POI),high,Danh mục chợ TP.HCM + Goong,2026-09-20T13:44:00+07:00,false
market:208,cho,Chợ truyền thống,Chợ Đồng Hòa,"Chợ Đồng Hòa, Long Hòa, Cần Giờ, Hồ Chí Minh",street_from_goong,Xã Cần Giờ,27664,Thành phố Hồ Chí Minh,"Long Hòa, Cần Giờ, Thành phố Hồ Chí Minh",Long Hòa,Cần Giờ,Thành phố Hồ Chí Minh,10.379154755000059,106.87911687900004,Goong Place Detail (POI),high,Danh mục chợ TP.HCM + Goong,2026-09-20T13:44:00+07:00,false
market:74,cho,Chợ truyền thống,Chợ Đồng Khánh,"Thương xá Đồng Khánh, 465-473 Trần Hưng Đạo B, Phường 14, Quận 5, Hồ Chí Minh",street_from_goong,Phường Chợ Lớn,27343,Thành phố Hồ Chí Minh,"14, 5, Thành phố Hồ Chí Minh",14,5,Thành phố Hồ Chí Minh,10.7518967,106.6573686,Goong Place Detail (POI),high,Danh mục chợ TP.HCM + Goong,2026-09-20T13:44:00+07:00,false
