Dòng nguồn,Khu vực,STT,Tên chợ,Đường,Phường/Xã,Quận/Huyện,Thành phố,Địa chỉ truy vấn,Vĩ độ,Kinh độ,Nguồn tọa độ,Tên kết quả Goong,Địa chỉ kết quả Goong,Độ tin cậy,Điểm khớp,Cần kiểm tra thủ công,Trạng thái API
5,Thành phố Thủ Đức,1,Cây Xoài,"Lê Văn Thịnh, Khu phố 1",Cát Lái,TP Thủ Đức,Thành phố Hồ Chí Minh,"Chợ Cây Xoài, Lê Văn Thịnh, Khu phố 1, Cát Lái, TP Thủ Đức, Thành phố Hồ Chí Minh",10.77738727700006,106.76658140200004,Goong Place Detail (POI),Chợ Cây Xoài,"Chợ Cây Xoài, Lê Văn Thịnh, Cát Lái, Thủ Đức, Hồ Chí Minh",high,0.875,Không,ok
6,Thành phố Thủ Đức,2,An Bình,"Đoàn Hữu Trưng, Khu phố 4",An Phú,TP Thủ Đức,Thành phố Hồ Chí Minh,"Chợ An Bình, Đoàn Hữu Trưng, Khu phố 4, An Phú, TP Thủ Đức, Thành phố Hồ Chí Minh",10.8120787,106.7550238,Goong Place Detail (POI),Chợ An Bình,"Chợ An Bình, An Phú, Thủ Đức, Hồ Chí Minh",high,0.8,Không,ok
7,Thành phố Thủ Đức,3,Chợ Chiều,"Nguyễn Thị Định, ấp Tây B",Bình Trưng Tây,TP Thủ Đức,Thành phố Hồ Chí Minh,"Chợ Chiều, Nguyễn Thị Định, ấp Tây B, Bình Trưng Tây, TP Thủ Đức, Thành phố Hồ Chí Minh",10.783654444000035,106.75852870500006,Goong Geocode (địa chỉ),Lê Hữu Kiều,"Ấp Tây B, Bình Trưng Tây, Thủ Đức, Hồ Chí Minh",low,0.41,Có,ok
8,Thành phố Thủ Đức,4,Cát Lái,"Nguyễn Thị Định, Khu phố 3",Thạnh Mỹ Lợi,TP Thủ Đức,Thành phố Hồ Chí Minh,"Chợ Cát Lái, Nguyễn Thị Định, Khu phố 3, Thạnh Mỹ Lợi, TP Thủ Đức, Thành phố Hồ Chí Minh",10.758733344000063,106.78797364200005,Goong Place Detail (POI),Chợ Cát Lái,"Chợ Cát Lái, Nguyễn Thị Định, Thạnh Mỹ Lợi, Thủ Đức, Hồ Chí Minh",high,0.875,Không,ok
9,Thành phố Thủ Đức,5,Tân Lập,"Đường 21, Khu phố 2",Bình Trưng Đông,TP Thủ Đức,Thành phố Hồ Chí Minh,"Chợ Tân Lập, Đường 21, Khu phố 2, Bình Trưng Đông, TP Thủ Đức, Thành phố Hồ Chí Minh",10.788212470000076,106.77694271300004,Goong Place Detail (POI),Chợ Tân Lập,"Chợ Tân Lập, 594 Nguyễn Duy Trinh, Bình Trưng Đông, Thủ Đức, Hồ Chí Minh",high,0.8,Không,ok
10,Thành phố Thủ Đức,6,Bình Trưng,"Nguyễn Duy Trinh, Khu phố 1",Bình Trưng Tây,TP Thủ Đức,Thành phố Hồ Chí Minh,"Chợ Bình Trưng, Nguyễn Duy Trinh, Khu phố 1, Bình Trưng Tây, TP Thủ Đức, Thành phố Hồ Chí Minh",10.788723899000047,106.75563718700005,Goong Place Detail (POI),Chợ Bình Trưng,"Chợ Bình Trưng, Nguyễn Duy Trinh, Bình Trưng Tây, Thủ Đức, Hồ Chí Minh",high,0.875,Không,ok
11,Thành phố Thủ Đức,7,Bình Khánh,"(Khu tái định cư 17,3ha)",Bình Khánh,TP Thủ Đức,Thành phố Hồ Chí Minh,"Chợ Bình Khánh, (Khu tái định cư 17,3ha), Bình Khánh, TP Thủ Đức, Thành phố Hồ Chí Minh",10.783153,106.737095,Goong Geocode (địa chỉ),Chợ Bình Khánh,"Khu tái định cư Bình Khánh - Thủ Đức, Đường Số 5, Bình Khánh, An Khánh, Thủ Đức, Hồ Chí Minh",medium,0.8,Có,ok
12,Thành phố Thủ Đức,8,Thạnh Mỹ Lợi,"Phạm Nhật Duật, dự án 143",Thạnh Mỹ Lợi,TP Thủ Đức,Thành phố Hồ Chí Minh,"Chợ Thạnh Mỹ Lợi, Phạm Nhật Duật, dự án 143, Thạnh Mỹ Lợi, TP Thủ Đức, Thành phố Hồ Chí Minh",10.769506273000047,106.76761594600003,Goong Place Detail (POI),Chợ Thạnh Mỹ Lợi,"Chợ Thạnh Mỹ Lợi, Phạm Thận Duật, Thạnh Mỹ Lợi, Thủ Đức, Hồ Chí Minh",high,0.8333,Không,ok
13,Thành phố Thủ Đức,9,Thảo Điền,"Xuân Thủy, Quốc Hương",Thảo Điền,TP Thủ Đức,Thành phố Hồ Chí Minh,"Chợ Thảo Điền, Xuân Thủy, Quốc Hương, Thảo Điền, TP Thủ Đức, Thành phố Hồ Chí Minh",10.802537351000069,106.72826327300004,Goong Place Detail (POI),Chợ Thảo Điền,"Chợ Thảo Điền, Thảo Điền, Thủ Đức, Hồ Chí Minh",high,0.8,Không,ok
14,Thành phố Thủ Đức,10,Hiệp Phú,"4B đường 265, khu phố 5",Hiệp Phú,TP Thủ Đức,Thành phố Hồ Chí Minh,"Chợ Hiệp Phú, 4B đường 265, khu phố 5, Hiệp Phú, TP Thủ Đức, Thành phố Hồ Chí Minh",10.844766074000063,106.78474175500008,Goong Place Detail (POI),Chợ Hiệp Phú,"Chợ Hiệp Phú, Lê Văn Việt, Hiệp Phú, Thủ Đức, Hồ Chí Minh",high,0.8,Không,ok
15,Thành phố Thủ Đức,11,Tăng Nhơn Phú A,"Lê Văn Việt, khu phố 1",Tăng Nhơn Phú A,TP Thủ Đức,Thành phố Hồ Chí Minh,"Chợ Tăng Nhơn Phú A, Lê Văn Việt, khu phố 1, Tăng Nhơn Phú A, TP Thủ Đức, Thành phố Hồ Chí Minh",10.844519432000027,106.78792793000008,Goong Place Detail (POI),Chợ Tăng Nhơn Phú A,"Chợ Tăng Nhơn Phú A, Tăng Nhơn Phú A, Thủ Đức, Hồ Chí Minh",high,0.8,Không,ok
16,Thành phố Thủ Đức,12,Phước Bình,"74 Đại lộ II, khu phố 3",Phước Bình,TP Thủ Đức,Thành phố Hồ Chí Minh,"Chợ Phước Bình, 74 Đại lộ II, khu phố 3, Phước Bình, TP Thủ Đức, Thành phố Hồ Chí Minh",10.817168157000026,106.77204975300003,Goong Place Detail (POI),Chợ Phước Bình,"Chợ Phước Bình, 1B Đại Lộ 2, Phước Bình, Thủ Đức, Hồ Chí Minh",high,0.84,Không,ok
17,Thành phố Thủ Đức,13,Nam Hòa (Phước Long A),26 Tây Hòa,Phước Long A,TP Thủ Đức,Thành phố Hồ Chí Minh,"Chợ Nam Hòa (Phước Long A), 26 Tây Hòa, Phước Long A, TP Thủ Đức, Thành phố Hồ Chí Minh",10.826223858000048,106.76189359000006,Goong Geocode (địa chỉ),Chợ Nam Hòa,"26 Tây Hòa, Phước Long A, Thủ Đức, Hồ Chí Minh",medium,0.6155,Có,ok
18,Thành phố Thủ Đức,14,Long Trường,"Nguyễn Duy Trinh, Khu phố Phước Lai",Long Trường,TP Thủ Đức,Thành phố Hồ Chí Minh,"Chợ Long Trường, Nguyễn Duy Trinh, Khu phố Phước Lai, Long Trường, TP Thủ Đức, Thành phố Hồ Chí Minh",10.805971610000029,106.82234675700005,Goong Place Detail (POI),Chợ Long Trường,"Chợ Long Trường, 460/4 Nguyễn Duy Trinh, Long Trường, Thủ Đức, Hồ Chí Minh",high,0.85,Không,ok
19,Thành phố Thủ Đức,15,Long Thạnh Mỹ,"Nguyễn Văn Tăng, khu phố Gò Công",Long Thạnh Mỹ,TP Thủ Đức,Thành phố Hồ Chí Minh,"Chợ Long Thạnh Mỹ, Nguyễn Văn Tăng, khu phố Gò Công, Long Thạnh Mỹ, TP Thủ Đức, Thành phố Hồ Chí Minh",10.8424179,106.8205426,Goong Place Detail (POI),Chợ Long Thạnh Mỹ,"227 Nguyễn Văn Tăng, Long Bình, Hồ Chí Minh",high,0.85,Không,ok
20,Thành phố Thủ Đức,16,Long Phước,Khu phố Long Thuận,Long Phước,TP Thủ Đức,Thành phố Hồ Chí Minh,"Chợ Long Phước, Khu phố Long Thuận, Long Phước, TP Thủ Đức, Thành phố Hồ Chí Minh",10.8084572,106.859883,Goong Place Detail (POI),Chợ Long Phước,"Long Phước, Hồ Chí Minh",high,0.8333,Không,ok
21,Thành phố Thủ Đức,17,Tân Phú,Khu phố Cây Dầu,Tân Phú,TP Thủ Đức,Thành phố Hồ Chí Minh,"Chợ Tân Phú, Khu phố Cây Dầu, Tân Phú, TP Thủ Đức, Thành phố Hồ Chí Minh",10.7911792,106.6362995,Goong Place Detail (POI),Chợ Tân Phú,"61, 2 Bá Tòng, Phú Thọ Hòa, Hồ Chí Minh",high,0.8,Không,ok
22,Thành phố Thủ Đức,18,Trường Thạnh (Tân Phú 2),"Lò Lu, Khu phố Phước Hiệp",Trường Thạnh,TP Thủ Đức,Thành phố Hồ Chí Minh,"Chợ Trường Thạnh (Tân Phú 2), Lò Lu, Khu phố Phước Hiệp, Trường Thạnh, TP Thủ Đức, Thành phố Hồ Chí Minh",10.825420648000033,106.81372339500007,Goong Geocode (địa chỉ),Chợ Trường Thạnh,"Bách hóa Xanh, 6-6A Lò Lu, Khu phố Phước Hiệp, Trường Thạnh, Thủ Đức, Hồ Chí Minh",medium,0.6029,Không,ok
23,Thành phố Thủ Đức,19,Phú Hữu,"Nguyễn Duy Trinh, Khu phố Tân Điền B",Phú Hữu,TP Thủ Đức,Thành phố Hồ Chí Minh,"Chợ Phú Hữu, Nguyễn Duy Trinh, Khu phố Tân Điền B, Phú Hữu, TP Thủ Đức, Thành phố Hồ Chí Minh",10.790726599000038,106.78969484500004,Goong Place Detail (POI),Chợ Phú hữu,"Chợ Phú hữu, Nguyễn Duy Trinh, Phú Hữu, Thủ Đức, Hồ Chí Minh",high,0.85,Không,ok
24,Thành phố Thủ Đức,20,Kiến Thiết,"Trần Hưng Đạo, khu phố 2",Hiệp Phú,TP Thủ Đức,Thành phố Hồ Chí Minh,"Chợ Kiến Thiết, Trần Hưng Đạo, khu phố 2, Hiệp Phú, TP Thủ Đức, Thành phố Hồ Chí Minh",10.845219963000034,106.77435747500004,Goong Place Detail (POI),Chợ Kiến Thiết,"Chợ Kiến Thiết, Lê Lợi, Hiệp Phú, Thủ Đức, Hồ Chí Minh",high,0.8,Không,ok
25,Thành phố Thủ Đức,21,Tăng Nhơn Phú B,263 Dương Đình Hội,Tăng Nhơn Phú B,TP Thủ Đức,Thành phố Hồ Chí Minh,"Chợ Tăng Nhơn Phú B, 263 Dương Đình Hội, Tăng Nhơn Phú B, TP Thủ Đức, Thành phố Hồ Chí Minh",10.83122062600006,106.78399462700008,Goong Place Detail (POI),Chợ Tăng Nhơn Phú B,"Chợ Tăng Nhơn Phú B, 263 Đình Phong Phú, Tăng Nhơn Phú B, Thủ Đức, Hồ Chí Minh",high,0.85,Không,ok
26,Thành phố Thủ Đức,22,Phước Long B,"Đỗ xuân Hợp, khu phố 2",Phước Long B,TP Thủ Đức,Thành phố Hồ Chí Minh,"Chợ Phước Long B, Đỗ xuân Hợp, khu phố 2, Phước Long B, TP Thủ Đức, Thành phố Hồ Chí Minh",10.82930043500005,106.76853457500005,Goong Place Detail (POI),Chợ Phước Long B,"Chợ Phước Long B, Đỗ Xuân Hợp, Phước Long B, Thủ Đức, Hồ Chí Minh",high,0.875,Không,ok
27,Thành phố Thủ Đức,23,Khiết Tâm,"226 Lê Thị Hoa, khu phố 5",Bình Chiểu,TP Thủ Đức,Thành phố Hồ Chí Minh,"Chợ Khiết Tâm, 226 Lê Thị Hoa, khu phố 5, Bình Chiểu, TP Thủ Đức, Thành phố Hồ Chí Minh",10.87651187800003,106.74672638900006,Goong Place Detail (POI),Chợ Khiết Tâm,"Chợ Khiết Tâm, 226 Lê Thị Hoa, Bình Chiểu, Thủ Đức, Hồ Chí Minh",high,0.88,Không,ok
28,Thành phố Thủ Đức,24,Tam Hà,"Tô Ngọc Vân, khu phố 2",Linh Đông,TP Thủ Đức,Thành phố Hồ Chí Minh,"Chợ Tam Hà, Tô Ngọc Vân, khu phố 2, Linh Đông, TP Thủ Đức, Thành phố Hồ Chí Minh",10.85957711900005,106.74719188700004,Goong Place Detail (POI),Chợ Tam Hà,"Chợ Tam Hà, Tô Ngọc Vân, Linh Đông, Thủ Đức, Hồ Chí Minh",high,0.875,Không,ok
29,Thành phố Thủ Đức,25,Linh Xuân,"61 Quốc lộ 1A, khu phố 2",Linh xuân,TP Thủ Đức,Thành phố Hồ Chí Minh,"Chợ Linh Xuân, 61 Quốc lộ 1A, khu phố 2, Linh xuân, TP Thủ Đức, Thành phố Hồ Chí Minh",10.87747038200007,106.76616428300008,Goong Place Detail (POI),Chợ Linh Xuân,"Chợ Linh Xuân, 50 Quốc Lộ 1K, Linh Xuân, Thủ Đức, Hồ Chí Minh",high,0.84,Không,ok
30,Thành phố Thủ Đức,26,Tam Hải,"249 Gò Dưa, khu phố 2",Tam Bình,TP Thủ Đức,Thành phố Hồ Chí Minh,"Chợ Tam Hải, 249 Gò Dưa, khu phố 2, Tam Bình, TP Thủ Đức, Thành phố Hồ Chí Minh",10.8721981,106.7429526,Goong Place Detail (POI),chợ Tam Hải,"chợ Tam Hải, 245 Đ. Gò Dưa, Tam Binh, Thủ Đức, Hồ Chí Minh",high,0.85,Không,ok
31,Thành phố Thủ Đức,27,Linh Trung,"Linh Trung, Khu phố 3",Linh Trung,TP Thủ Đức,Thành phố Hồ Chí Minh,"Chợ Linh Trung, Linh Trung, Khu phố 3, Linh Trung, TP Thủ Đức, Thành phố Hồ Chí Minh",10.859958365000068,106.77364196600007,Goong Place Detail (POI),Chợ Linh Trung,"Chợ Linh Trung, Hẻm 144 Linh Trung, Linh Trung, Thủ Đức, Hồ Chí Minh",high,0.8667,Không,ok
32,Thành phố Thủ Đức,28,Lê Mai (Linh Trung 2),"Cổng sau KCx Linh Trung 2 (1231/19A Tỉnh lộ 43, KP2)",Bình Chiểu,TP Thủ Đức,Thành phố Hồ Chí Minh,"Chợ Lê Mai (Linh Trung 2), Cổng sau KCx Linh Trung 2 (1231/19A Tỉnh lộ 43, KP2), Bình Chiểu, TP Thủ Đức, Thành phố Hồ Chí Minh",10.889835,106.727688,Goong Geocode (địa chỉ),Chợ Đêm Linh Trung,"Ngã 3 Linh Trung 2 - 1227 Tỉnh Lộ 43, Bình Chiểu, Thủ Đức, Hồ Chí Minh",medium,0.6486,Không,ok
33,Thành phố Thủ Đức,29,Bình Triệu,"182 Quốc lộ 13, khu phố 2",Hiệp Bình Chánh,TP Thủ Đức,Thành phố Hồ Chí Minh,"Chợ Bình Triệu, 182 Quốc lộ 13, khu phố 2, Hiệp Bình Chánh, TP Thủ Đức, Thành phố Hồ Chí Minh",10.829976756000065,106.71438668900004,Goong Place Detail (POI),Chợ Bình Triệu,"Chợ Bình Triệu, 182 Quốc Lộ 13, Khu phố 2, Hiệp Bình Chánh, Thủ Đức, Hồ Chí Minh",high,0.9,Không,ok
34,Thành phố Thủ Đức,30,Bình Phước,"Khu phố 3, Quốc lộ 13",Hiệp Bình Phước,TP Thủ Đức,Thành phố Hồ Chí Minh,"Chợ Bình Phước, Khu phố 3, Quốc lộ 13, Hiệp Bình Phước, TP Thủ Đức, Thành phố Hồ Chí Minh",10.863217727000062,106.72109857600009,Goong Place Detail (POI),Chợ Bình Phước,"Chợ Bình Phước, Hiệp Bình Phước, Thủ Đức, Hồ Chí Minh",high,0.8,Không,ok
35,Thành phố Thủ Đức,31,Thủ Đức,1 Võ Văn Ngân,"Trường Thọ, Linh Tây",TP Thủ Đức,Thành phố Hồ Chí Minh,"Chợ Thủ Đức, 1 Võ Văn Ngân, Trường Thọ, Linh Tây, TP Thủ Đức, Thành phố Hồ Chí Minh",10.8496917,106.7534834,Goong Geocode (địa chỉ),Chợ Thủ Đức - 1002-1004 - Kha Vạn Cân - Phường Linh Tây,"Chewy Chewy Lê Văn Ninh, Phường Linh Tây, Thủ Đức, Phường Linh Tây, Thủ Đức, 1 Lê Văn Ninh, Trường Thọ, Thủ Đức, Hồ Chí Minh",low,0.2816,Có,ok
36,Thành phố Thủ Đức,32,Từ Đức,"29 Nguyễn Bá Luật, khu phố 2",Bình Thọ,TP Thủ Đức,Thành phố Hồ Chí Minh,"Chợ Từ Đức, 29 Nguyễn Bá Luật, khu phố 2, Bình Thọ, TP Thủ Đức, Thành phố Hồ Chí Minh",10.848769093000044,106.76605218500004,Goong Place Detail (POI),Chợ Từ Đức,"Chợ Từ Đức, 29 Nguyễn Bá Luật, Bình Thọ, Thủ Đức, Hồ Chí Minh",high,0.88,Không,ok
37,Thành phố Thủ Đức,33,Tam Bình,"1/1 Quốc lộ 1A, khu phố 3",Tam Bình,TP Thủ Đức,Thành phố Hồ Chí Minh,"Chợ Tam Bình, 1/1 Quốc lộ 1A, khu phố 3, Tam Bình, TP Thủ Đức, Thành phố Hồ Chí Minh",10.870360359000074,106.73551929100006,Goong Place Detail (POI),Chợ Tam Bình,"Chợ Tam Bình, Quốc Lộ 1A, Tổ 4 Khu phố 3, Tam Bình, Thủ Đức, Hồ Chí Minh",high,0.9,Không,ok
38,Thành phố Thủ Đức,34,Chợ Nông sản Thủ Đức,141 Quốc lộ 1A,Tam Bình,TP Thủ Đức,Thành phố Hồ Chí Minh,"Chợ Nông sản Thủ Đức, 141 Quốc lộ 1A, Tam Bình, TP Thủ Đức, Thành phố Hồ Chí Minh",10.868604660000074,106.73007202000008,Goong Geocode (địa chỉ),Chợ Đầu mối Nông sản Tam Bình Thủ Đức,"141 Quốc Lộ 1A, Tam Bình, Thủ Đức, Hồ Chí Minh",medium,0.6841,Có,ok
39,Thành phố Thủ Đức,35,Xuân Hiệp,"28A đường số 6, khu phố 3",Linh xuân,TP Thủ Đức,Thành phố Hồ Chí Minh,"Chợ Xuân Hiệp, 28A đường số 6, khu phố 3, Linh xuân, TP Thủ Đức, Thành phố Hồ Chí Minh",10.880115887000045,106.77312439200006,Goong Place Detail (POI),Chợ Xuân Hiệp,"Chợ Xuân Hiệp, Đường Số 6, Linh Xuân, Thủ Đức, Hồ Chí Minh",high,0.85,Không,ok
40,Thành phố Thủ Đức,36,Hiệp Bình Chánh,"Đường số 3, khu phố 5",Hiệp Bình Chánh,TP Thủ Đức,Thành phố Hồ Chí Minh,"Chợ Hiệp Bình Chánh, Đường số 3, khu phố 5, Hiệp Bình Chánh, TP Thủ Đức, Thành phố Hồ Chí Minh",10.830841312000075,106.72903779600006,Goong Place Detail (POI),Chợ Hiệp Bình Chánh,"Chợ Hiệp Bình Chánh, Đường Số 3, Khu phố 5, Hiệp Bình Chánh, Thủ Đức, Hồ Chí Minh",high,0.9,Không,ok
42,Quận 1,1,Bến Thành,Vòng xoay Quách Thị Trang - Lê Thánh Tôn - Phan Bội Châu - Phan Chu Trinh,Bến Thành,1,Thành phố Hồ Chí Minh,"Chợ Bến Thành, Vòng xoay Quách Thị Trang - Lê Thánh Tôn - Phan Bội Châu - Phan Chu Trinh, Bến Thành, 1, Thành phố Hồ Chí Minh",10.7718703,106.6984429,Goong Geocode (địa chỉ),Bánh Bèo Chợ Bến Thành,"Bến Thành, Thành phố Hồ Chí Minh, Hồ Chí Minh",medium,0.6806,Có,ok
43,Quận 1,2,Thái Bình,111 Phạm Ngũ Lão,Phạm Ngũ Lão,1,Thành phố Hồ Chí Minh,"Chợ Thái Bình, 111 Phạm Ngũ Lão, Phạm Ngũ Lão, 1, Thành phố Hồ Chí Minh",10.766756061000024,106.68886803500004,Goong Place Detail (POI),Chợ Thái Bình,"Chợ Thái Bình, 232 Cống Quỳnh, Phạm Ngũ Lão, Quận 1, Hồ Chí Minh",high,0.975,Không,ok
44,Quận 1,3,Dân Sinh,104 Yersin,Nguyễn Thái Bình,1,Thành phố Hồ Chí Minh,"Chợ Dân Sinh, 104 Yersin, Nguyễn Thái Bình, 1, Thành phố Hồ Chí Minh",10.766023,106.698113,Goong Place Detail (POI),Chợ Dân Sinh,"Chợ Dân Sinh, 104 Đường Yersin, Phường Nguyễn Thái Bình, Quận 1, Thành Phố Hồ Chí Minh",high,1,Không,ok
45,Quận 1,4,Tân Định,48 Mã Lộ,Tân Định,1,Thành phố Hồ Chí Minh,"Chợ Tân Định, 48 Mã Lộ, Tân Định, 1, Thành phố Hồ Chí Minh",10.7897046,106.6898413,Goong Place Detail (POI),Chợ Tân Định,"Chợ Tân Định, 336 Hai Bà Trưng, Phường Tân Định, Quận 1, Hồ Chí Minh",high,0.9,Không,ok
46,Quận 1,5,Tôn Thất Đạm,Tôn Thất Đạm,Bến Nghé,1,Thành phố Hồ Chí Minh,"Chợ Tôn Thất Đạm, Tôn Thất Đạm, Bến Nghé, 1, Thành phố Hồ Chí Minh",10.771231553000064,106.70337002000008,Goong Place Detail (POI),Chợ Tôn Thất Đạm,"Chợ Tôn Thất Đạm, 62 Tôn Thất Đàm, Bến Nghé, Quận 1, Hồ Chí Minh",high,1,Không,ok
47,Quận 1,6,Đakao,23 -25 Nguyễn Huy Tự,Đakao,1,Thành phố Hồ Chí Minh,"Chợ Đakao, 23 -25 Nguyễn Huy Tự, Đakao, 1, Thành phố Hồ Chí Minh",10.7925595,106.6966148,Goong Place Detail (POI),Chợ Đakao,"Chợ Đakao, 23 Nguyễn Huy Tự, Đa Kao, Quận 1, Hồ Chí Minh",high,0.98,Không,ok
49,Quận 3,1,Bàn Cờ,Hẻm 664 Nguyễn Đình Chiểu,3,3,Thành phố Hồ Chí Minh,"Chợ Bàn Cờ, Hẻm 664 Nguyễn Đình Chiểu, 3, 3, Thành phố Hồ Chí Minh",10.768547450000028,106.68042101000009,Goong Place Detail (POI),Chợ Bàn Cờ,"Chợ Bàn Cờ, 664/2 Nguyễn Đình Chiểu, Phường 3, Quận 3, Hồ Chí Minh",high,0.98,Không,ok
50,Quận 3,2,Vườn Chuối,428 Nguyễn Đình Chiểu,4,3,Thành phố Hồ Chí Minh,"Chợ Vườn Chuối, 428 Nguyễn Đình Chiểu, 4, 3, Thành phố Hồ Chí Minh",10.7729598,106.684595,Goong Place Detail (POI),Chợ Vườn Chuối,"Chợ Vườn Chuối, 428 Nguyễn Đình Chiểu, Phường 4, Quận 3, Hồ Chí Minh",high,1,Không,ok
51,Quận 3,3,Bùi Phát,453/156 Lê Văn Sỹ,13,3,Thành phố Hồ Chí Minh,"Chợ Bùi Phát, 453/156 Lê Văn Sỹ, 13, 3, Thành phố Hồ Chí Minh",10.789169913000023,106.67186972500008,Goong Geocode (địa chỉ),Chợ Bùi Phát,"453/156 13 3 Lê Văn Sỹ,  Phường 12, Quận 3, Hồ Chí Minh",medium,0.86,Có,ok
52,Quận 3,4,Nguyễn Văn Trỗi,Lê Văn Sỹ,12,3,Thành phố Hồ Chí Minh,"Chợ Nguyễn Văn Trỗi, Lê Văn Sỹ, 12, 3, Thành phố Hồ Chí Minh",10.786595,106.6797236,Goong Place Detail (POI),Chợ Nguyễn Văn Trỗi/1 Đường Lê Văn Sỹ,"Chợ Nguyễn Văn Trỗi/1 Đường Lê Văn Sỹ, Phường 12, Quận 3, Hồ Chí Minh",high,0.7679,Không,ok
54,Quận 4,1,Xóm Chiếu,1 Đinh Lễ,12,4,Thành phố Hồ Chí Minh,"Chợ Xóm Chiếu, 1 Đinh Lễ, 12, 4, Thành phố Hồ Chí Minh",10.7635635,106.7060311,Goong Place Detail (POI),Chợ Xóm Chiếu,"Chợ Xóm Chiếu, Đinh Lễ, Phường 12 (Quận4), Quận 4, Hồ Chí Minh",high,1,Không,ok
55,Quận 4,2,Hàng Phân,Nguyễn Hữu Hào,6,4,Thành phố Hồ Chí Minh,"Chợ Hàng Phân, Nguyễn Hữu Hào, 6, 4, Thành phố Hồ Chí Minh",10.762311022000063,106.70014686600007,Goong Place Detail (POI),Chợ Hãng Phân,"Chợ Hãng Phân, Nguyễn Hữu Hào, Phường 6, Quận 4, Hồ Chí Minh",high,1,Không,ok
56,Quận 4,3,Hảng Dệt,Tôn Thất Thuyết,3,4,Thành phố Hồ Chí Minh,"Chợ Hảng Dệt, Tôn Thất Thuyết, 3, 4, Thành phố Hồ Chí Minh",10.753117,106.714089,Goong Geocode (địa chỉ),Công ty Dệt may Thành Công,"32/1 Tôn Thất Thuyết, Quận 4, Hồ Chí Minh",low,0.464,Có,ok
57,Quận 4,4,Long Kiểng,Tôn Thất Thuyết,4,4,Thành phố Hồ Chí Minh,"Chợ Long Kiểng, Tôn Thất Thuyết, 4, 4, Thành phố Hồ Chí Minh",10.7531989,106.7055981,Goong Geocode (địa chỉ),Chợ Long Kiểng,"4, Đường Tôn Thất Thuyết, Quận 4, Hồ Chí Minh",medium,1,Có,ok
58,Quận 4,5,Cầu Cống,Đoàn Văn Bơ,13,4,Thành phố Hồ Chí Minh,"Chợ Cầu Cống, Đoàn Văn Bơ, 13, 4, Thành phố Hồ Chí Minh",10.7601557,106.7090207,Goong Geocode (địa chỉ),chợ CẦU CỐNG,"13 4 Đoàn Văn Bơ,  phường 13, Quận 4, Hồ Chí Minh",medium,0.66,Không,ok
59,Quận 4,6,Chợ 200,Xóm Chiếu,"14, 15",4,Thành phố Hồ Chí Minh,"Chợ 200, Xóm Chiếu, 14, 15, 4, Thành phố Hồ Chí Minh",10.755883,106.708411,Goong Place Detail (POI),chợ 200,"chợ 200, 200/25C Xóm Chiếu, Phường 15, Quận 4, Thành phố Hồ Chí Minh",high,0.86,Không,ok
60,Quận 4,7,Chợ Kho 11,Nguyễn Thần Hiến,18,4,Thành phố Hồ Chí Minh,"Chợ Kho 11, Nguyễn Thần Hiến, 18, 4, Thành phố Hồ Chí Minh",10.7564858,106.7161691,Goong Place Detail (POI),Chợ Kho 11,"Chợ Kho 11, 388-416 Đoàn Văn Bơ, Phường 16, Quận 4, Hồ Chí Minh",high,0.76,Không,ok
62,Quận 5,1,Cao Đạt,Cao Đạt,1,5,Thành phố Hồ Chí Minh,"Chợ Cao Đạt, Cao Đạt, 1, 5, Thành phố Hồ Chí Minh",10.7543085,106.6830014,Goong Place Detail (POI),Chợ Cao Đạt,"Chợ Cao Đạt, Hẻm 197 Đ. Cao Đạt, Phường 1, Quận 5, Hồ Chí Minh",high,1,Không,ok
63,Quận 5,2,Bàu Sen,138 Nguyễn Trãi,3,5,Thành phố Hồ Chí Minh,"Chợ Bàu Sen, 138 Nguyễn Trãi, 3, 5, Thành phố Hồ Chí Minh",10.75829780500004,106.67846927100004,Goong Place Detail (POI),Chợ Bàu Sen,"Chợ Bàu Sen, 26 Hẻm 138 Nguyễn Trãi, Phường 3, Quận 5, Hồ Chí Minh",high,1,Không,ok
64,Quận 5,3,Vật Tư,133 Hải Thượng Lãn Ông,10,5,Thành phố Hồ Chí Minh,"Chợ Vật Tư, 133 Hải Thượng Lãn Ông, 10, 5, Thành phố Hồ Chí Minh",10.750272351000035,106.66034208700006,Goong Place Detail (POI),Chợ vật tư quận 5,"Chợ vật tư quận 5, 133 Hải Thượng Lãn Ông, Phường 10, Quận 5, Hồ Chí Minh",high,0.9015,Không,ok
65,Quận 5,4,Xã Tây,36 Nguyễn Trãi,11,5,Thành phố Hồ Chí Minh,"Chợ Xã Tây, 36 Nguyễn Trãi, 11, 5, Thành phố Hồ Chí Minh",10.753095694000024,106.66284078500007,Goong Place Detail (POI),Chợ xã Tây,"Chợ xã Tây, 643 Nguyễn Trãi, Phường 11, Quận 5, Hồ Chí Minh",high,0.9667,Không,ok
66,Quận 5,5,Tân Thành,Phạm Hữu Chí,12,5,Thành phố Hồ Chí Minh,"Chợ Tân Thành, Phạm Hữu Chí, 12, 5, Thành phố Hồ Chí Minh",10.755296710000039,106.65582275000008,Goong Geocode (địa chỉ),Ban Quản Lý Chợ Tân Thành,"Phụ tùng xe máy Tèo, Sạp 9E-10E, Phạm Hữu Chí, Phường 12, Quận 5, Hồ Chí Minh",medium,0.7333,Có,ok
67,Quận 5,6,Vật Liệu Xây Dựng,1A Trịnh Hoài Đức,13,5,Thành phố Hồ Chí Minh,"Chợ Vật Liệu Xây Dựng, 1A Trịnh Hoài Đức, 13, 5, Thành phố Hồ Chí Minh",10.7493292,106.6591886,Goong Place Detail (POI),Chợ Vật Liệu Xây Dựng,"Chợ Vật Liệu Xây Dựng, 1A Trịnh Hoài Đức, Phường 13, Quận 5, Hồ Chí Minh",high,1,Không,ok
68,Quận 5,7,Phùng Hưng,214 Phùng Hưng,14,5,Thành phố Hồ Chí Minh,"Chợ Phùng Hưng, 214 Phùng Hưng, 14, 5, Thành phố Hồ Chí Minh",10.7531833,106.6574664,Goong Place Detail (POI),Chợ Phùng Hưng,"Chợ Phùng Hưng, 214 Đ. Phùng Hưng, Phường 14, Quận 5, Hồ Chí Minh",high,1,Không,ok
69,Quận 5,8,Hà Tôn Quyền,165/17 Tân Thành,15,5,Thành phố Hồ Chí Minh,"Chợ Hà Tôn Quyền, 165/17 Tân Thành, 15, 5, Thành phố Hồ Chí Minh",11.14643,106.8343816,Goong Geocode (địa chỉ),33/5 Đ. Hà Tôn Quyền,"Tân Thành 15, Bắc Tân Uyên, Thành phố Hồ Chí Minh, Hồ Chí Minh",medium,0.7592,Có,ok
70,Quận 5,9,Hòa Bình,37 Bạch Vân,5,5,Thành phố Hồ Chí Minh,"Chợ Hòa Bình, 37 Bạch Vân, 5, 5, Thành phố Hồ Chí Minh",10.752037,106.6756457,Goong Place Detail (POI),Chợ Hoà Bình,"Chợ Hoà Bình, 37 Đ. Bạch Vân, Phường 5, Quận 5, Hồ Chí Minh",high,1,Không,ok
71,Quận 5,10,An Đông,An Dương Vương,9,5,Thành phố Hồ Chí Minh,"Chợ An Đông, An Dương Vương, 9, 5, Thành phố Hồ Chí Minh",10.75809496900007,106.67219728800006,Goong Place Detail (POI),Chợ An Đông,"Chợ An Đông, 34-36 An Dương Vương, Phường 9, Quận 5, Hồ Chí Minh",high,1,Không,ok
73,Quận 5,11,Kim Biên,"Vạn Tượng, phường 13",13,5,Thành phố Hồ Chí Minh,"Chợ Kim Biên, Vạn Tượng, phường 13, 13, 5, Thành phố Hồ Chí Minh",10.750363658000026,106.65588478500007,Goong Place Detail (POI),Chợ Kim Biên,"Chợ Kim Biên, 37 Vạn Tượng, Phường 13, Quận 5, Hồ Chí Minh",high,1,Không,ok
74,Quận 5,12,Đồng Khánh,46 Trần Hưng Đạo,14,5,Thành phố Hồ Chí Minh,"Chợ Đồng Khánh, 46 Trần Hưng Đạo, 14, 5, Thành phố Hồ Chí Minh",10.7518967,106.6573686,Goong Place Detail (POI),Thương xá Đồng Khánh,"Thương xá Đồng Khánh, 465-473 Trần Hưng Đạo B, Phường 14, Quận 5, Hồ Chí Minh",high,0.8123,Không,ok
76,Quận 6,1,Phú Định,hẻm 710 Hậu Giang,12,6,Thành phố Hồ Chí Minh,"Chợ Phú Định, hẻm 710 Hậu Giang, 12, 6, Thành phố Hồ Chí Minh",10.7481647,106.633182,Goong Place Detail (POI),Chợ Phú Định,"Chợ Phú Định, 710/4D Đ. Hậu Giang, Phường 11, Quận 6, Hồ Chí Minh",high,0.835,Không,ok
77,Quận 6,2,Bình Tây,57A Tháp Mười,2,6,Thành phố Hồ Chí Minh,"Chợ Bình Tây, 57A Tháp Mười, 2, 6, Thành phố Hồ Chí Minh",10.7496697,106.6509839,Goong Place Detail (POI),Chợ Bình Tây,"Chợ Bình Tây, 57A Tháp Mười, Phường 2, Quận 6, Hồ Chí Minh",high,1,Không,ok
78,Quận 6,3,Bình Tiên,9 Dự Định,4,6,Thành phố Hồ Chí Minh,"Chợ Bình Tiên, 9 Dự Định, 4, 6, Thành phố Hồ Chí Minh",10.7458632,106.6442883,Goong Place Detail (POI),Chợ Bình Tiên,"Chợ Bình Tiên, 18 Đ. Phạm Phú Thứ, Phường 4, Quận 6, Hồ Chí Minh",high,0.9,Không,ok
79,Quận 6,4,Minh Phụng,122 Minh Phụng,6,6,Thành phố Hồ Chí Minh,"Chợ Minh Phụng, 122 Minh Phụng, 6, 6, Thành phố Hồ Chí Minh",10.7502834,106.6425949,Goong Place Detail (POI),Chợ Minh Phụng,"Chợ Minh Phụng, 122 Đ. Minh Phụng, Phường 6, Quận 6, Hồ Chí Minh",high,1,Không,ok
80,Quận 6,5,An Dương Vương,Khu dân cư An Dương Vương,10,6,Thành phố Hồ Chí Minh,"Chợ An Dương Vương, Khu dân cư An Dương Vương, 10, 6, Thành phố Hồ Chí Minh",10.712034,106.619905,Goong Geocode (địa chỉ),Chợ An Dương Vương - 421 An Dương Vương,"Khu Dân Cư An Dương Vương, 31 Ngõ Số 2, Phường 16, Quận 8, Thành Phố Hồ Chí Minh",medium,0.7637,Không,ok
81,Quận 6,6,Hồ Trọng Quý,17 Lô C cư xá Phú Lâm D,10,6,Thành phố Hồ Chí Minh,"Chợ Hồ Trọng Quý, 17 Lô C cư xá Phú Lâm D, 10, 6, Thành phố Hồ Chí Minh",10.7401631,106.6321794,Goong Place Detail (POI),Chợ Hồ Trọng Quý,"Chợ Hồ Trọng Quý, 8 Lô V Cư Xá Phú Lâm D, Phường 10, Quận 6, Hồ Chí Minh",high,0.98,Không,ok
82,Quận 6,7,Lò Gốm,Lò Gốm,11,6,Thành phố Hồ Chí Minh,"Chợ Lò Gốm, Lò Gốm, 11, 6, Thành phố Hồ Chí Minh",10.745231300000057,106.63878396000007,Goong Place Detail (POI),Chợ Lò Gốm,"Chợ Lò Gốm, Kênh Tân Hóa - Lò Gốm, Phường 11, Quận 6, Hồ Chí Minh",high,1,Không,ok
83,Quận 6,8,Phú Lâm,54B Bà Hom,13,6,Thành phố Hồ Chí Minh,"Chợ Phú Lâm, 54B Bà Hom, 13, 6, Thành phố Hồ Chí Minh",10.7550621,106.6311919,Goong Place Detail (POI),Chợ Phú Lâm,"Chợ Phú Lâm, 54b Bà Hom, Phường 13, Quận 6, Thành phố Hồ Chí Minh",high,1,Không,ok
84,Quận 6,9,Tân Hòa Đông,170 Tân Hòa Đông,14,6,Thành phố Hồ Chí Minh,"Chợ Tân Hòa Đông, 170 Tân Hòa Đông, 14, 6, Thành phố Hồ Chí Minh",10.759718921000058,106.62715361700003,Goong Place Detail (POI),Chợ Tân Hòa Đông,"Chợ Tân Hòa Đông, 170E Tân Hòa Đông, Phường 14, Quận 6, Hồ Chí Minh",high,0.975,Không,ok
86,Quận 7,1,Phú Thuận,"Khu phố 2, đường Gò Ô Môi",Phú Thuận,7,Thành phố Hồ Chí Minh,"Chợ Phú Thuận, Khu phố 2, đường Gò Ô Môi, Phú Thuận, 7, Thành phố Hồ Chí Minh",10.729571060000069,106.73517273900006,Goong Geocode (địa chỉ),Chợ Phú Thuận,"VinMart+, 84 Gò Ô Môi, Khu phố 2, Phú Thuận, Quận 7, Hồ Chí Minh",medium,0.925,Có,ok
87,Quận 7,2,Tân Kiểng 1,"139 Trần Xuân Soạn, khu phố 1",Tân Kiểng,7,Thành phố Hồ Chí Minh,"Chợ Tân Kiểng 1, 139 Trần Xuân Soạn, khu phố 1, Tân Kiểng, 7, Thành phố Hồ Chí Minh",10.751655979000077,106.70533890800004,Goong Place Detail (POI),Chợ Tân Kiểng 1,"Chợ Tân Kiểng 1, 193 Trần Xuân Soạn, Tân Kiểng, Quận 7, Hồ Chí Minh",high,0.96,Không,ok
88,Quận 7,3,Tân Kiểng 2,"239 Lê Văn Lương, khu phố 2",Tân Kiểng,7,Thành phố Hồ Chí Minh,"Chợ Tân Kiểng 2, 239 Lê Văn Lương, khu phố 2, Tân Kiểng, 7, Thành phố Hồ Chí Minh",10.74534865000004,106.70480513800004,Goong Place Detail (POI),Chợ Tân Kiểng 2,"Chợ Tân Kiểng 2, 239 Lê Văn Lương, Tân Kiểng, Quận 7, Hồ Chí Minh",high,0.98,Không,ok
89,Quận 7,4,Tân Mỹ,"Khu Phố 1, đường Tân Mỹ",Tân Phú,7,Thành phố Hồ Chí Minh,"Chợ Tân Mỹ, Khu Phố 1, đường Tân Mỹ, Tân Phú, 7, Thành phố Hồ Chí Minh",10.7356998,106.7194269,Goong Geocode (địa chỉ),Chợ Tân Mỹ,"UBND phường Tân Phú, Đường số 9, Khu phố 1, Tân Phú, Quận 7, Hồ Chí Minh",medium,0.95,Có,ok
90,Quận 7,5,Tân Quy,"12IR/9 đường số  15, khu phố 2",Tân Quy,7,Thành phố Hồ Chí Minh,"Chợ Tân Quy, 12IR/9 đường số  15, khu phố 2, Tân Quy, 7, Thành phố Hồ Chí Minh",10.7452184,106.7063183,Goong Place Detail (POI),Chợ Tân Quy,"Chợ Tân Quy, 19 Đường Số 15, Tân Quy, Quận 7, Hồ Chí Minh",high,0.96,Không,ok
91,Quận 7,6,Tân Thuận,"17/35 Huỳnh Tấn Phát, khu phố 4",Tân Thuận Đông,7,Thành phố Hồ Chí Minh,"Chợ Tân Thuận, 17/35 Huỳnh Tấn Phát, khu phố 4, Tân Thuận Đông, 7, Thành phố Hồ Chí Minh",10.7554945,106.7232462,Goong Place Detail (POI),Chợ Tân Thuận,"Chợ Tân Thuận, Trần Văn Khánh, Tân Thuận Đông, Quận 7, Hồ Chí Minh",high,0.9167,Không,ok
92,Quận 7,7,Chợ Cư xá Ngân Hàng,"Đường 6E, khu Cư xá Ngân hàng",Tân Thuận Tây,7,Thành phố Hồ Chí Minh,"Chợ Cư xá Ngân Hàng, Đường 6E, khu Cư xá Ngân hàng, Tân Thuận Tây, 7, Thành phố Hồ Chí Minh",10.74829819200005,106.71656659300004,Goong Place Detail (POI),Chợ Cư xá Ngân hàng,"Chợ Cư xá Ngân hàng, Tân Thuận Tây, Quận 7, Hồ Chí Minh",high,0.95,Không,ok
93,Quận 7,8,Bùi Văn Ba,16/5 Bùi Văn Ba,Tân Thuận Đông,7,Thành phố Hồ Chí Minh,"Chợ Bùi Văn Ba, 16/5 Bùi Văn Ba, Tân Thuận Đông, 7, Thành phố Hồ Chí Minh",10.750048005000053,106.73059764500005,Goong Place Detail (POI),Chợ Bùi Văn Ba,"Chợ Bùi Văn Ba, 16/5 Bùi Văn Ba, Tân Thuận Đông, Quận 7, Hồ Chí Minh",high,1,Không,ok
94,Quận 7,9,Phước Long,189/5 Phạm Hữu Lầu,Phú Mỹ,7,Thành phố Hồ Chí Minh,"Chợ Phước Long, 189/5 Phạm Hữu Lầu, Phú Mỹ, 7, Thành phố Hồ Chí Minh",10.7044675,106.7325548,Goong Place Detail (POI),Chợ Phước Long,"Chợ Phước Long, 169 Phạm Hữu Lầu, Phú Mỹ, Quận 7, Hồ Chí Minh",high,0.975,Không,ok
96,Quận 8,1,Rạch Ông,Nguyễn Thị Tần,2,8,Thành phố Hồ Chí Minh,"Chợ Rạch Ông, Nguyễn Thị Tần, 2, 8, Thành phố Hồ Chí Minh",10.746808509000061,106.68642230700004,Goong Place Detail (POI),Chợ Rạch Ông,"Chợ Rạch Ông, Nguyễn Thị Tần, Phường 2, Quận 8, Hồ Chí Minh",high,1,Không,ok
97,Quận 8,2,Phạm Thế Hiển,Phạm Thế Hiển,4,8,Thành phố Hồ Chí Minh,"Chợ Phạm Thế Hiển, Phạm Thế Hiển, 4, 8, Thành phố Hồ Chí Minh",10.743228861000034,106.67111544000005,Goong Place Detail (POI),Chợ Phạm Thế Hiển,"Chợ Phạm Thế Hiển, Phạm Thế Hiển, Phường 4, Quận 8, Hồ Chí Minh",high,1,Không,ok
98,Quận 8,3,Nhị Thiên Đường,Hoàng Minh Đạo - Cư xá Nhị Thiên Đường,5,8,Thành phố Hồ Chí Minh,"Chợ Nhị Thiên Đường, Hoàng Minh Đạo - Cư xá Nhị Thiên Đường, 5, 8, Thành phố Hồ Chí Minh",10.739451444000053,106.65724649500004,Goong Place Detail (POI),Chợ Nhị Thiên Đường,"Chợ Nhị Thiên Đường, Hoàng Minh Đạo, Phường 5, Quận 8, Hồ Chí Minh",high,0.9833,Không,ok
99,Quận 8,4,Bình An,Phạm Thế Hiển,6,8,Thành phố Hồ Chí Minh,"Chợ Bình An, Phạm Thế Hiển, 6, 8, Thành phố Hồ Chí Minh",10.733447273000024,106.64393901300008,Goong Place Detail (POI),Chợ Bình An,"Chợ Bình An, Phạm Thế Hiển, Phường 6, Quận 8, Hồ Chí Minh",high,1,Không,ok
100,Quận 8,5,Lò Than,Phạm Thế Hiển,6,8,Thành phố Hồ Chí Minh,"Chợ Lò Than, Phạm Thế Hiển, 6, 8, Thành phố Hồ Chí Minh",10.739974141000062,106.65413791700007,Goong Place Detail (POI),Chợ Lò Than,"Chợ Lò Than, 1618 Phạm Thế Hiển, Phường 6, Quận 8, Hồ Chí Minh",high,1,Không,ok
101,Quận 8,6,Phú Lợi 1,2670A Phạm Thế Hiển,7,8,Thành phố Hồ Chí Minh,"Chợ Phú Lợi 1, 2670A Phạm Thế Hiển, 7, 8, Thành phố Hồ Chí Minh",10.723874637000051,106.63569881600006,Goong Place Detail (POI),Chợ Phú Lợi,"Chợ Phú Lợi, 2670A Phạm Thế Hiển, Phường 7, Quận 8, Hồ Chí Minh",high,0.9683,Không,ok
102,Quận 8,7,Trần Văn Thành,95D Trần Văn Thành (Hưng Phú),8,8,Thành phố Hồ Chí Minh,"Chợ Trần Văn Thành, 95D Trần Văn Thành (Hưng Phú), 8, 8, Thành phố Hồ Chí Minh",10.7510205,106.6802267,Goong Place Detail (POI),Trần Văn Thành,"Trần Văn Thành, Phường Hưng Phú, Quận 8, Hồ Chí Minh",high,0.98,Không,ok
103,Quận 8,8,Hưng Phú,(107 Mai Am) Hưng Phú,9,8,Thành phố Hồ Chí Minh,"Chợ Hưng Phú, (107 Mai Am) Hưng Phú, 9, 8, Thành phố Hồ Chí Minh",10.74734499400006,106.67449300000004,Goong Place Detail (POI),Chợ Hưng Phú,"Chợ Hưng Phú, 107 Mai Am, Phường 9, Quận 8, Hồ Chí Minh",high,1,Không,ok
104,Quận 8,9,Ba Đình,66C Ba Đình (Bến Ba Đình),10,8,Thành phố Hồ Chí Minh,"Chợ Ba Đình, 66C Ba Đình (Bến Ba Đình), 10, 8, Thành phố Hồ Chí Minh",10.748265802000049,106.66843375600007,Goong Place Detail (POI),Chợ Ba Đình,"Chợ Ba Đình, 66C Ba Đình, Phường 10, Quận 8, Hồ Chí Minh",high,0.975,Không,ok
105,Quận 8,10,Xóm Củi,1 Tùng Thiện Vương,11,8,Thành phố Hồ Chí Minh,"Chợ Xóm Củi, 1 Tùng Thiện Vương, 11, 8, Thành phố Hồ Chí Minh",10.7464033,106.6605566,Goong Place Detail (POI),Chợ Xóm Củi,"Chợ Xóm Củi, 122 Đ.Tùng Thiện Vương, Phường 11, Quận 8, Hồ Chí Minh",high,1,Không,ok
106,Quận 8,11,Nguyễn Chế Nghĩa,127 Nguyễn Chế Nghĩa,12,8,Thành phố Hồ Chí Minh,"Chợ Nguyễn Chế Nghĩa, 127 Nguyễn Chế Nghĩa, 12, 8, Thành phố Hồ Chí Minh",10.742529637000075,106.65391959100003,Goong Place Detail (POI),Ban Quản Lý - Chợ Nguyễn Chế Nghĩa,"Ban Quản Lý - Chợ Nguyễn Chế Nghĩa, 127 Nguyễn Chế Nghĩa, Phường 12, Quận 8, Hồ Chí Minh",high,0.8243,Không,ok
107,Quận 8,12,Bình Đông,301F Bến Bình Đông,14,8,Thành phố Hồ Chí Minh,"Chợ Bình Đông, 301F Bến Bình Đông, 14, 8, Thành phố Hồ Chí Minh",10.738567854000053,106.64313113200006,Goong Place Detail (POI),Chợ Bình Đông,"Chợ Bình Đông, Bến Bình Đông, Phường 14, Quận 8, Hồ Chí Minh",high,0.975,Không,ok
108,Quận 8,13,Rạch Cát,Bến Bình Đông (Bến Mễ Cốc),15,8,Thành phố Hồ Chí Minh,"Chợ Rạch Cát, Bến Bình Đông (Bến Mễ Cốc), 15, 8, Thành phố Hồ Chí Minh",10.713419533000035,106.62546737600007,Goong Place Detail (POI),Chợ Rạch Cát,"Chợ Rạch Cát, 212 Mễ Cốc, Phường 15, Quận 8, Hồ Chí Minh",high,0.94,Không,ok
109,Quận 8,14,Vạn Nguyên,Bến Bình Đông (10 Bến Mễ Cốc),15,8,Thành phố Hồ Chí Minh,"Chợ Vạn Nguyên, Bến Bình Đông (10 Bến Mễ Cốc), 15, 8, Thành phố Hồ Chí Minh",10.728067315000033,106.63246962900007,Goong Place Detail (POI),Chợ Vạn Nguyên,"Chợ Vạn Nguyên, 17 Mễ Cốc, Phường 15, Quận 8, Hồ Chí Minh",high,0.9333,Không,ok
110,Quận 8,15,Phú Định,Thanh Niên (48A đường 42),16,8,Thành phố Hồ Chí Minh,"Chợ Phú Định, Thanh Niên (48A đường 42), 16, 8, Thành phố Hồ Chí Minh",10.7982119,106.5164569,Goong Geocode (địa chỉ),chợ Phú Định,"48, Thanh Niên, Thành phố Hồ Chí Minh, Hồ Chí Minh",medium,0.925,Có,ok
111,Quận 8,16,Chợ đầu mối Bình Điền,"Nguyễn Văn Linh, khu phố 7",7,8,Thành phố Hồ Chí Minh,"Chợ đầu mối Bình Điền, Nguyễn Văn Linh, khu phố 7, 7, 8, Thành phố Hồ Chí Minh",10.6991252,106.6127506,Goong Place Detail (POI),BÉ 6 CHỢ ĐẦU MỐI BÌNH ĐIỀN,"BÉ 6 CHỢ ĐẦU MỐI BÌNH ĐIỀN, 97 Đường Số 2, Phường 7, Quận 8, Hồ Chí Minh",high,0.8156,Không,ok
112,Quận 8,17,Phú Lợi 2,190C Trịnh Quang Nghị,7,8,Thành phố Hồ Chí Minh,"Chợ Phú Lợi 2, 190C Trịnh Quang Nghị, 7, 8, Thành phố Hồ Chí Minh",10.7082405,106.6225089,Goong Place Detail (POI),Chợ Phú Lợi 2,"Chợ Phú Lợi 2, 190 Đường 35A Trịnh Quang Nghị, Phường 7, Quận 8, Hồ Chí Minh",high,0.975,Không,ok
114,Quận 10,1,Lê Hồng Phong,Lê Hồng Phong,1,10,Thành phố Hồ Chí Minh,"Chợ Lê Hồng Phong, Lê Hồng Phong, 1, 10, Thành phố Hồ Chí Minh",10.764707,106.676704,Goong Place Detail (POI),Chợ Lê Hồng Phong,"Chợ Lê Hồng Phong, 57/23 Đường Hồ Thị Kỷ, Phường 1, Quận 10, Thành Phố Hồ Chí Minh",high,1,Không,ok
115,Quận 10,2,Chợ Phường 2 (Trần Nhân Tôn),Trần Nhân Tôn (001 Bic Hoà hảo),2,10,Thành phố Hồ Chí Minh,"Chợ Phường 2 (Trần Nhân Tôn), Trần Nhân Tôn (001 Bic Hoà hảo), 2, 10, Thành phố Hồ Chí Minh",10.762829747000069,106.67331548600004,Goong Geocode (địa chỉ),2/8 Trần Nhân Tôn,"Trường Tiểu học Trần Nhân Tôn, 247 Hòa Hảo, Phường 2, Quận 10, Hồ Chí Minh",medium,0.828,Có,ok
116,Quận 10,3,Nhật Tảo,Nhật Tảo,4,10,Thành phố Hồ Chí Minh,"Chợ Nhật Tảo, Nhật Tảo, 4, 10, Thành phố Hồ Chí Minh",10.7647341,106.6679278,Goong Place Detail (POI),Chợ Nhật Tảo,"Chợ Nhật Tảo, 416 Đ. Nguyễn Tri Phương, Phường 4, Quận 10, Hồ Chí Minh",high,1,Không,ok
117,Quận 10,4,Thành Thái,Hẻm 135 Thành Thái,14,10,Thành phố Hồ Chí Minh,"Chợ Thành Thái, Hẻm 135 Thành Thái, 14, 10, Thành phố Hồ Chí Minh",10.774741,106.664043,Goong Place Detail (POI),Chợ Thành Thái,"Chợ Thành Thái, 135 Hẻm 135 Thành Thái, Phường 14, Quận 10, Thành Phố Hồ Chí Minh",high,1,Không,ok
118,Quận 10,5,Nguyễn Tri Phương,68 Nguyễn Lâm,6,10,Thành phố Hồ Chí Minh,"Chợ Nguyễn Tri Phương, 68 Nguyễn Lâm, 6, 10, Thành phố Hồ Chí Minh",10.764447758000074,106.66365517100007,Goong Place Detail (POI),Chợ Nguyễn Tri Phương,"Chợ Nguyễn Tri Phương, 68 Nguyễn Lâm, Phường 6, Quận 10, Hồ Chí Minh",high,1,Không,ok
119,Quận 10,6,Hòa Hưng,Cách Mạng Tháng Tám,15,10,Thành phố Hồ Chí Minh,"Chợ Hòa Hưng, Cách Mạng Tháng Tám, 15, 10, Thành phố Hồ Chí Minh",10.7832553,106.6711818,Goong Place Detail (POI),Chợ Hòa Hưng,"Chợ Hòa Hưng, 539a Đ. Cách Mạng Tháng 8, Phường 15, Quận 10, Hồ Chí Minh",high,0.975,Không,ok
121,Quận 11,1,Chợ hoa tươi Đầm Sen,39 Nguyễn Văn Phú,5,11,Thành phố Hồ Chí Minh,"Chợ hoa tươi Đầm Sen, 39 Nguyễn Văn Phú, 5, 11, Thành phố Hồ Chí Minh",10.769767166000065,106.64269816100006,Goong Place Detail (POI),Chợ hoa tươi Đầm Sen,"Chợ hoa tươi Đầm Sen, 39 Nguyễn Văn Phú, Phường 5, Quận 11, Hồ Chí Minh",high,1,Không,ok
122,Quận 11,2,Thiếc,Phó Cơ Điều,6,11,Thành phố Hồ Chí Minh,"Chợ Thiếc, Phó Cơ Điều, 6, 11, Thành phố Hồ Chí Minh",10.7596209,106.6567307,Goong Place Detail (POI),Chợ Thiếc,"Chợ Thiếc, 129 Phó Cơ Điều, Phường 6, Quận 11, Hồ Chí Minh",high,1,Không,ok
123,Quận 11,3,Phú Thọ,124 Lãnh Binh Thăng,13,11,Thành phố Hồ Chí Minh,"Chợ Phú Thọ, 124 Lãnh Binh Thăng, 13, 11, Thành phố Hồ Chí Minh",10.762609885000074,106.65410283300008,Goong Place Detail (POI),Chợ Phú Thọ,"Chợ Phú Thọ, 124 Lãnh Binh Thăng, Phường 13, Quận 11, Hồ Chí Minh",high,1,Không,ok
124,Quận 11,4,Bình Thới,220 Xóm Đất,10,11,Thành phố Hồ Chí Minh,"Chợ Bình Thới, 220 Xóm Đất, 10, 11, Thành phố Hồ Chí Minh",10.759479,106.642542,Goong Place Detail (POI),Chợ Bình Thới,"Chợ Bình Thới, 220 Đường Xóm Đất, Phường 10, Quận 11, Thành phố Hồ Chí Minh",high,1,Không,ok
126,Quận 12,1,Hiệp Thành,"Lô I, tờ bản đồ HT 13",Hiệp Thành,12,Thành phố Hồ Chí Minh,"Chợ Hiệp Thành, Lô I, tờ bản đồ HT 13, Hiệp Thành, 12, Thành phố Hồ Chí Minh",10.8817919,106.6388658,Goong Place Detail (POI),Chợ Hiệp Thành,"Chợ Hiệp Thành, Tổ 24 KP3, Hiệp Thành, Quận 12, Hồ Chí Minh",high,0.9167,Không,ok
127,Quận 12,2,Ngã Ba Bầu,"Tô Ký, khu phố 3",Tân Chánh Hiệp,12,Thành phố Hồ Chí Minh,"Chợ Ngã Ba Bầu, Tô Ký, khu phố 3, Tân Chánh Hiệp, 12, Thành phố Hồ Chí Minh",10.871631,106.619887,Goong Place Detail (POI),Chợ Ngã Ba Bầu,"Chợ Ngã Ba Bầu, 6/2 Tổ 39 kp3, Tân Chánh Hiệp, Quận 12, Hồ Chí Minh",high,0.9333,Không,ok
128,Quận 12,3,Lạc Quang,Quốc lộ 22,Tân Thới Nhất,12,Thành phố Hồ Chí Minh,"Chợ Lạc Quang, Quốc lộ 22, Tân Thới Nhất, 12, Thành phố Hồ Chí Minh",10.8346719,106.6201261,Goong Place Detail (POI),Chợ Lạc Quang,"Chợ Lạc Quang, Trường Chinh, Tân Thới Nhất, Quận 12, Hồ Chí Minh",high,0.9,Không,ok
129,Quận 12,4,Thạnh xuân,Tô Ngọc Vân,Thạnh xuân,12,Thành phố Hồ Chí Minh,"Chợ Thạnh xuân, Tô Ngọc Vân, Thạnh xuân, 12, Thành phố Hồ Chí Minh",10.8799754,106.6782207,Goong Place Detail (POI),Chợ Thạnh Xuân,"Chợ Thạnh Xuân, 12 Tô Ngọc Vân, KP5, Quận 12, Hồ Chí Minh",high,1,Không,ok
130,Quận 12,5,Tân Chánh Hiệp,"Tô Ký, khu phố 2",Tân Chánh Hiệp,12,Thành phố Hồ Chí Minh,"Chợ Tân Chánh Hiệp, Tô Ký, khu phố 2, Tân Chánh Hiệp, 12, Thành phố Hồ Chí Minh",10.85982758700004,106.61812579000008,Goong Place Detail (POI),Chợ Tân Chánh Hiệp,"Chợ Tân Chánh Hiệp, Tô Ký, Tân Chánh Hiệp, Quận 12, Hồ Chí Minh",high,0.9667,Không,ok
131,Quận 12,6,An Sương,Quốc lộ 22,Tân Hưng Thuận,12,Thành phố Hồ Chí Minh,"Chợ An Sương, Quốc lộ 22, Tân Hưng Thuận, 12, Thành phố Hồ Chí Minh",10.846375,106.620847,Goong Place Detail (POI),Chợ An Sương,"Chợ An Sương, Đường Dn 1, Phường Tân Hưng Thuận, Quận 12, Thành Phố Hồ Chí Minh",high,0.9,Không,ok
132,Quận 12,7,An Phú Đông,"Lô 38, tờ bản đồ số 5, khu phố 1",An Phú Đông,12,Thành phố Hồ Chí Minh,"Chợ An Phú Đông, Lô 38, tờ bản đồ số 5, khu phố 1, An Phú Đông, 12, Thành phố Hồ Chí Minh",10.8597576,106.6920626,Goong Place Detail (POI),Chợ An Phú Đông,"Chợ An Phú Đông, 232 Vườn Lài, An Phú Đông, Quận 12, Thành phố Hồ Chí Minh",high,0.9,Không,ok
133,Quận 12,8,Thới An,"Lê Văn Khương, Khu phố 2",Thới An,12,Thành phố Hồ Chí Minh,"Chợ Thới An, Lê Văn Khương, Khu phố 2, Thới An, 12, Thành phố Hồ Chí Minh",10.8834303,106.6703963,Goong Place Detail (POI),Thới An,"Thới An, Thành phố Hồ Chí Minh, Hồ Chí Minh",high,0.8,Không,ok
134,Quận 12,9,Ngã tư Ga,"Ngã tư Ga , khu phố 3",Thạnh Lộc,12,Thành phố Hồ Chí Minh,"Chợ Ngã tư Ga, Ngã tư Ga , khu phố 3, Thạnh Lộc, 12, Thành phố Hồ Chí Minh",10.8585435,106.6795585,Goong Place Detail (POI),Dê tươi ngã tư ga,"Dê tươi ngã tư ga, Khu phố 3, Tổ 6, Thạnh Lộc, Quận 12, Hồ Chí Minh",high,0.8107,Không,ok
136,Bình Tân,1,Bình Hưng Hòa,1028/4 Tân Kỳ - Tân Quý,Bình Hưng Hòa,Bình Tân,Thành phố Hồ Chí Minh,"Chợ Bình Hưng Hòa, 1028/4 Tân Kỳ - Tân Quý, Bình Hưng Hòa, Bình Tân, Thành phố Hồ Chí Minh",10.7894201,106.595679,Goong Place Detail (POI),Chợ Bình Hưng Hòa,"Chợ Bình Hưng Hòa, Đ. Tân Kỳ Tân Quý, Bình Hưng Hoà, Bình Tân, Hồ Chí Minh",high,0.975,Không,ok
137,Bình Tân,2,Nguyễn Văn Chéo (Ông Mười),203 Ấp Chiến Lược,Bình Hưng Hòa A,Bình Tân,Thành phố Hồ Chí Minh,"Chợ Nguyễn Văn Chéo (Ông Mười), 203 Ấp Chiến Lược, Bình Hưng Hòa A, Bình Tân, Thành phố Hồ Chí Minh",10.789699820000067,106.60413909800008,Goong Place Detail (POI),Chợ Ông Mười,"Chợ Ông Mười, 203 Ấp Chiến Lược, Bình Hưng Hòa A, Bình Tân, Hồ Chí Minh",high,0.7413,Không,ok
138,Bình Tân,3,Cây Da Sà,243 Đường số 6,Bình Trị Đông B,Bình Tân,Thành phố Hồ Chí Minh,"Chợ Cây Da Sà, 243 Đường số 6, Bình Trị Đông B, Bình Tân, Thành phố Hồ Chí Minh",10.756159522000075,106.61888202500006,Goong Place Detail (POI),Chợ Cây Da Sà,"Chợ Cây Da Sà, 243 Đường Số 6, Bình Trị Đông B, Bình Tân, Hồ Chí Minh",high,1,Không,ok
139,Bình Tân,4,Kiến Thành,158 Đường số 19,Bình Trị Đông B,Bình Tân,Thành phố Hồ Chí Minh,"Chợ Kiến Thành, 158 Đường số 19, Bình Trị Đông B, Bình Tân, Thành phố Hồ Chí Minh",10.753490097000054,106.61336013500005,Goong Geocode (địa chỉ),chợ Kiến Đức,"158 Đường Số 19, Bình Trị Đông B, Bình Tân, Hồ Chí Minh",medium,0.7731,Có,ok
140,Bình Tân,5,An Lạc,383/2 Kinh Dương Vương,An Lạc,Bình Tân,Thành phố Hồ Chí Minh,"Chợ An Lạc, 383/2 Kinh Dương Vương, An Lạc, Bình Tân, Thành phố Hồ Chí Minh",10.742236671000057,106.61995569100009,Goong Place Detail (POI),Chợ An Lạc,"Chợ An Lạc, 357 Kinh Dương Vương, An Lạc, Bình Tân, Hồ Chí Minh",high,0.975,Không,ok
141,Bình Tân,6,Khu phố 2,483/5 Hồ Ngọc Lãm,An Lạc,Bình Tân,Thành phố Hồ Chí Minh,"Chợ Khu phố 2, 483/5 Hồ Ngọc Lãm, An Lạc, Bình Tân, Thành phố Hồ Chí Minh",10.726494114000047,106.60513604300007,Goong Place Detail (POI),Chợ Khu Phố 2,"Chợ Khu Phố 2, Kinh Dương Vương, An Lạc, Bình Tân, Hồ Chí Minh",high,0.9,Không,ok
142,Bình Tân,7,Bình Long,49 Đường số 3,Bình Hưng Hòa A,Bình Tân,Thành phố Hồ Chí Minh,"Chợ Bình Long, 49 Đường số 3, Bình Hưng Hòa A, Bình Tân, Thành phố Hồ Chí Minh",10.783334,106.616711,Goong Place Detail (POI),Chợ Bình Long,"Chợ Bình Long, 49 Đường Số 3, Phường Bình Hưng Hòa A, Quận Bình Tân, Thành Phố Hồ Chí Minh",high,1,Không,ok
143,Bình Tân,8,Bình Trị Đông,110B Trương Phước Phan,Bình Trị Đông,Bình Tân,Thành phố Hồ Chí Minh,"Chợ Bình Trị Đông, 110B Trương Phước Phan, Bình Trị Đông, Bình Tân, Thành phố Hồ Chí Minh",10.763582241000051,106.61271553800009,Goong Place Detail (POI),Chợ Bình Trị Đông,"Chợ Bình Trị Đông, 112 Trương Phước Phan, Bình Trị Đông, Bình Tân, Hồ Chí Minh",high,0.975,Không,ok
144,Bình Tân,9,Kiến Đức,213F An Dương Vương,Bình Trị Đông B,Bình Tân,Thành phố Hồ Chí Minh,"Chợ Kiến Đức, 213F An Dương Vương, Bình Trị Đông B, Bình Tân, Thành phố Hồ Chí Minh",10.7534672,106.6139339,Goong Place Detail (POI),chợ Kiến Đức,"chợ Kiến Đức, 158 Đường số 19, Bình Trị Đông B, Bình Tân, Thành phố Hồ Chí Minh",high,0.925,Không,ok
145,Bình Tân,10,Bà Hom,37 Lộ Tẻ,Tân Tạo A,Bình Tân,Thành phố Hồ Chí Minh,"Chợ Bà Hom, 37 Lộ Tẻ, Tân Tạo A, Bình Tân, Thành phố Hồ Chí Minh",10.7525784,106.5908813,Goong Place Detail (POI),Chợ Bà Hom,"Chợ Bà Hom, 37 Lộ Tẻ, Tân Tạo A, Bình Tân, Thành phố Hồ Chí Minh",high,1,Không,ok
146,Bình Tân,11,Bình Trị Đông B,Số 01 đường số 7,Bình Trị Đông B,Bình Tân,Thành phố Hồ Chí Minh,"Chợ Bình Trị Đông B, Số 01 đường số 7, Bình Trị Đông B, Bình Tân, Thành phố Hồ Chí Minh",10.7373298,106.6054256,Goong Geocode (địa chỉ),Cho Binh Tri Cu,"1 Đường số 7, Bình Trị Đông B, Bình Tân, Hồ Chí Minh",medium,0.7006,Không,ok
148,Bình Thạnh,1,Chợ tạm Hùng Vương,Hẻm 158 Xô Viết Nghệ Tĩnh,21,Bình Thạnh,Thành phố Hồ Chí Minh,"Chợ tạm Hùng Vương, Hẻm 158 Xô Viết Nghệ Tĩnh, 21, Bình Thạnh, Thành phố Hồ Chí Minh",10.796820379000053,106.71198351200007,Goong Place Detail (POI),Chợ Hùng Vương,"Chợ Hùng Vương, Hẻm 158 Xô Viết Nghệ Tĩnh, Phường 21, Bình Thạnh, Hồ Chí Minh",high,0.8792,Không,ok
149,Bình Thạnh,2,Chợ tạm Hàng Xanh,Hẻm số 3 đường Bạch Đằng,24,Bình Thạnh,Thành phố Hồ Chí Minh,"Chợ tạm Hàng Xanh, Hẻm số 3 đường Bạch Đằng, 24, Bình Thạnh, Thành phố Hồ Chí Minh",10.803858576000039,106.71087498100007,Goong Place Detail (POI),Chợ Hàng Xanh,"Chợ Hàng Xanh, Phường 24, Bình Thạnh, Hồ Chí Minh",high,0.776,Không,ok
150,Bình Thạnh,3,Chợ Phường 25 (Đường rầy),Đường ray,25,Bình Thạnh,Thành phố Hồ Chí Minh,"Chợ Phường 25 (Đường rầy), Đường ray, 25, Bình Thạnh, Thành phố Hồ Chí Minh",10.8096207,106.7144664,Goong Geocode (địa chỉ),6 Chợ phường 25,"Hẻm Chợ Đường Ray, Phường 25, Bình Thạnh, Hồ Chí Minh",medium,0.6333,Có,ok
151,Bình Thạnh,4,Bà Chiểu,40 Diên Hồng,1,Bình Thạnh,Thành phố Hồ Chí Minh,"Chợ Bà Chiểu, 40 Diên Hồng, 1, Bình Thạnh, Thành phố Hồ Chí Minh",10.80053,106.699264,Goong Place Detail (POI),Chợ Bà Chiểu,"Chợ Bà Chiểu, 39 Diên Hồng, Phường 1, Bình Thạnh, Hồ Chí Minh",high,0.9667,Không,ok
152,Bình Thạnh,5,Phan Văn Trị,233 Phan Văn Trị,11,Bình Thạnh,Thành phố Hồ Chí Minh,"Chợ Phan Văn Trị, 233 Phan Văn Trị, 11, Bình Thạnh, Thành phố Hồ Chí Minh",10.812334121000049,106.69518508300007,Goong Place Detail (POI),Chợ Phan Văn Trị,"Chợ Phan Văn Trị, 233A Phan Văn Trị, Phường 11, Bình Thạnh, Hồ Chí Minh",high,0.975,Không,ok
153,Bình Thạnh,6,Thị Nghè,36 Công trường Hòa Bình,19,Bình Thạnh,Thành phố Hồ Chí Minh,"Chợ Thị Nghè, 36 Công trường Hòa Bình, 19, Bình Thạnh, Thành phố Hồ Chí Minh",10.7920208,106.7075493,Goong Place Detail (POI),Chợ Thị Nghè,"Chợ Thị Nghè, 36R Công Trường Hòa Bình, Phường 19, Bình Thạnh, Hồ Chí Minh",high,0.98,Không,ok
154,Bình Thạnh,7,Thanh Đa,Đường Thanh Đa,27,Bình Thạnh,Thành phố Hồ Chí Minh,"Chợ Thanh Đa, Đường Thanh Đa, 27, Bình Thạnh, Thành phố Hồ Chí Minh",10.8163116,106.7210209,Goong Place Detail (POI),Chợ Thanh Đa,"Chợ Thanh Đa, 20 Thanh Đa, Phường 27, Bình Thạnh, Hồ Chí Minh",high,0.95,Không,ok
155,Bình Thạnh,8,Văn Thánh (mới),152/17 đường D1,25,Bình Thạnh,Thành phố Hồ Chí Minh,"Chợ Văn Thánh (mới), 152/17 đường D1, 25, Bình Thạnh, Thành phố Hồ Chí Minh",10.801854043000048,106.72081575600004,Goong Place Detail (POI),Chợ Văn Thánh,"Chợ Văn Thánh mới, Phường 25, Bình Thạnh, Hồ Chí Minh",high,0.9,Không,ok
157,Gò Vấp,1,Tân Sơn Nhất,11D nguyễn Kiệm,3,Gò Vấp,Thành phố Hồ Chí Minh,"Chợ Tân Sơn Nhất, 11D nguyễn Kiệm, 3, Gò Vấp, Thành phố Hồ Chí Minh",10.815368840000076,106.67775163100004,Goong Place Detail (POI),Chợ Tân Sơn Nhất,"Chợ Tân Sơn Nhất, Hẻm 689 Nguyễn Kiệm, Phường 3, Gò Vấp, Hồ Chí Minh",high,0.9667,Không,ok
158,Gò Vấp,2,An Hội,1084 Quang Trung,8,Gò Vấp,Thành phố Hồ Chí Minh,"Chợ An Hội, 1084 Quang Trung, 8, Gò Vấp, Thành phố Hồ Chí Minh",10.841483711000024,106.64447379800004,Goong Place Detail (POI),Chợ An Hội,"Chợ An Hội, 1084 Quang Trung, Phường 8, Gò Vấp, Hồ Chí Minh",high,1,Không,ok
159,Gò Vấp,3,Gò Vấp,Nguyễn Văn Nghi (68 Trưng Nữ Vương),4,Gò Vấp,Thành phố Hồ Chí Minh,"Chợ Gò Vấp, Nguyễn Văn Nghi (68 Trưng Nữ Vương), 4, Gò Vấp, Thành phố Hồ Chí Minh",10.8237108,106.6869325,Goong Place Detail (POI),Chợ Gò Vấp,"Chợ Gò Vấp, 188 Đường Nguyễn Văn Nghi, Phường 4, Gò Vấp, Hồ Chí Minh",high,0.9429,Không,ok
160,Gò Vấp,4,Hạnh Thông Tây,10/2 Quang Trung,11,Gò Vấp,Thành phố Hồ Chí Minh,"Chợ Hạnh Thông Tây, 10/2 Quang Trung, 11, Gò Vấp, Thành phố Hồ Chí Minh",10.835939623000058,106.65876706400007,Goong Place Detail (POI),Chợ Hạnh Thông Tây,"Chợ Hạnh Thông Tây, 10/2 Quang Trung, Phường 11, Gò Vấp, Hồ Chí Minh",high,1,Không,ok
161,Gò Vấp,5,Xóm Mới,Lê Đức Thọ (4/2 Thống Nhất),16,Gò Vấp,Thành phố Hồ Chí Minh,"Chợ Xóm Mới, Lê Đức Thọ (4/2 Thống Nhất), 16, Gò Vấp, Thành phố Hồ Chí Minh",10.8499855,106.6642448,Goong Place Detail (POI),Chợ Xóm Mới,"Chợ Xóm Mới, 21 Đ. Lê Đức Thọ, Phường 16, Gò Vấp, Hồ Chí Minh",high,0.96,Không,ok
162,Gò Vấp,6,An Nhơn,6 Lê Đức Thọ,17,Gò Vấp,Thành phố Hồ Chí Minh,"Chợ An Nhơn, 6 Lê Đức Thọ, 17, Gò Vấp, Thành phố Hồ Chí Minh",10.841202356000053,106.67718253500004,Goong Place Detail (POI),Chợ An Nhơn,"Chợ An Nhơn, 6 Lê Đức Thọ, Phường 17, Gò Vấp, Hồ Chí Minh",high,1,Không,ok
164,Phú Nhuận,1,Chợ Ga,Trần Khắc Chân,9,Phú Nhuận,Thành phố Hồ Chí Minh,"Chợ Ga, Trần Khắc Chân, 9, Phú Nhuận, Thành phố Hồ Chí Minh",10.80039778500003,106.67737209800003,Goong Place Detail (POI),Chợ Ga,"Chợ Ga, 94 Trần Khát Chân, Phường 9, Phú Nhuận, Hồ Chí Minh",high,0.9667,Không,ok
165,Phú Nhuận,2,Phú Nhuận,Phan Đình Phùng,17,Phú Nhuận,Thành phố Hồ Chí Minh,"Chợ Phú Nhuận, Phan Đình Phùng, 17, Phú Nhuận, Thành phố Hồ Chí Minh",10.7943456,106.6831141,Goong Place Detail (POI),Chợ Phú Nhuận,"Chợ Phú Nhuận, 123 Phan Đình Phùng, Phường 17, Phú Nhuận, Hồ Chí Minh",high,1,Không,ok
166,Phú Nhuận,3,Trần Hữu Trang,Trần Hữu Trang,10,Phú Nhuận,Thành phố Hồ Chí Minh,"Chợ Trần Hữu Trang, Trần Hữu Trang, 10, Phú Nhuận, Thành phố Hồ Chí Minh",10.79344429300005,106.67207780700005,Goong Place Detail (POI),Chợ Trần Hữu Trang,"Chợ Trần Hữu Trang, 84C Trần Hữu Trang, Phường 10, Phú Nhuận, Hồ Chí Minh",high,1,Không,ok
167,Phú Nhuận,4,Nguyễn Đình Chiểu,Nguyễn Đình Chiểu,4,Phú Nhuận,Thành phố Hồ Chí Minh,"Chợ Nguyễn Đình Chiểu, Nguyễn Đình Chiểu, 4, Phú Nhuận, Thành phố Hồ Chí Minh",10.804824211000039,106.67993713200008,Goong Place Detail (POI),Chợ Nguyễn Đình Chiểu,"Chợ Nguyễn Đình Chiểu, 34 Lê Tự Tài, Phường 4, Phú Nhuận, Hồ Chí Minh",high,1,Không,ok
169,Tân Bình,1,Phạm Văn Hai,128 Phạm Văn Hai,3,Tân Bình,Thành phố Hồ Chí Minh,"Chợ Phạm Văn Hai, 128 Phạm Văn Hai, 3, Tân Bình, Thành phố Hồ Chí Minh",10.794736707000027,106.66280132600008,Goong Place Detail (POI),Chợ Phạm Văn Hai,"Chợ Phạm Văn Hai, 128 Phạm Văn Hai, Phường 3, Tân Bình, Hồ Chí Minh",high,1,Không,ok
170,Tân Bình,2,Chợ Phường 4,Nguyễn Đình Khơi,4,Tân Bình,Thành phố Hồ Chí Minh,"Chợ Phường 4, Nguyễn Đình Khơi, 4, Tân Bình, Thành phố Hồ Chí Minh",10.795360910000056,106.65686008300008,Goong Place Detail (POI),Chợ Phường 4,"Chợ Phường 4, 12 Nguyễn Đình Khơi, Phường 4, Tân Bình, Hồ Chí Minh",high,0.78,Không,ok
171,Tân Bình,3,Nghĩa Hoà,42A Nghĩa Phát,7,Tân Bình,Thành phố Hồ Chí Minh,"Chợ Nghĩa Hoà, 42A Nghĩa Phát, 7, Tân Bình, Thành phố Hồ Chí Minh",10.787595671000076,106.65951373600006,Goong Place Detail (POI),Chợ Nghĩa Hòa,"Chợ Nghĩa Hòa, 42A Nghĩa Phát, Phường 7, Tân Bình, Hồ Chí Minh",high,1,Không,ok
172,Tân Bình,4,Tân Bình,172-174 Lý Thường Kiệt,8,Tân Bình,Thành phố Hồ Chí Minh,"Chợ Tân Bình, 172-174 Lý Thường Kiệt, 8, Tân Bình, Thành phố Hồ Chí Minh",10.786072799000067,106.65325489800006,Goong Place Detail (POI),Chợ Tân Bình,"Chợ Tân Bình, 172-174M Lý Thường Kiệt, Phường 8, Tân Bình, Hồ Chí Minh",high,0.98,Không,ok
173,Tân Bình,5,Tân Hưng,Hẻm 373 đường Lý Thường Kiệt,9,Tân Bình,Thành phố Hồ Chí Minh,"Chợ Tân Hưng, Hẻm 373 đường Lý Thường Kiệt, 9, Tân Bình, Thành phố Hồ Chí Minh",10.779276822000043,106.65257105900008,Goong Place Detail (POI),Chợ Tân Hưng,"Chợ Tân Hưng, 95 Hẻm 373 Lý Thường Kiệt, Phường 9, Tân Bình, Hồ Chí Minh",high,0.9667,Không,ok
174,Tân Bình,6,Tân Phước,49/10 Âu Cơ,9,Tân Bình,Thành phố Hồ Chí Minh,"Chợ Tân Phước, 49/10 Âu Cơ, 9, Tân Bình, Thành phố Hồ Chí Minh",10.7710473,106.6509111,Goong Place Detail (POI),Chợ Tân Phước,"Chợ Tân Phước, 122 Đ. Âu Cơ, Phường 9, Tân Bình, Hồ Chí Minh",high,0.95,Không,ok
175,Tân Bình,7,Chợ Phường 11,Trần Mai Ninh,11,Tân Bình,Thành phố Hồ Chí Minh,"Chợ Phường 11, Trần Mai Ninh, 11, Tân Bình, Thành phố Hồ Chí Minh",10.795200216000069,106.64791715700005,Goong Geocode (địa chỉ),Mì Quảng Thanh Hương,"11 Trần Mai Ninh, Phường 12, Tân Bình, Hồ Chí Minh",medium,0.5612,Có,ok
176,Tân Bình,8,Hoàng Hoa Thám,19 Hoàng Hoa Thám,13,Tân Bình,Thành phố Hồ Chí Minh,"Chợ Hoàng Hoa Thám, 19 Hoàng Hoa Thám, 13, Tân Bình, Thành phố Hồ Chí Minh",10.798375140000076,106.64678470300004,Goong Place Detail (POI),Chợ Hoàng Hoa Thám,"Chợ Hoàng Hoa Thám, 19 Hoàng Hoa Thám, Phường 13, Tân Bình, Hồ Chí Minh",high,1,Không,ok
177,Tân Bình,9,Võ Thành Trang,521A Trường Chinh,14,Tân Bình,Thành phố Hồ Chí Minh,"Chợ Võ Thành Trang, 521A Trường Chinh, 14, Tân Bình, Thành phố Hồ Chí Minh",10.800406807000059,106.63782601300005,Goong Place Detail (POI),Chợ Võ Thành Trang,"Chợ Võ Thành Trang, 523 Trường Chinh, Phường 14, Tân Bình, Hồ Chí Minh",high,0.9667,Không,ok
178,Tân Bình,10,Bảo Ngọc Tú,118/107/6 Phan Huy Ích,15,Tân Bình,Thành phố Hồ Chí Minh,"Chợ Bảo Ngọc Tú, 118/107/6 Phan Huy Ích, 15, Tân Bình, Thành phố Hồ Chí Minh",10.829448654000032,106.63581072300008,Goong Place Detail (POI),Chợ Bảo Ngọc Tú,"Chợ Bảo Ngọc Tú, Hẻm 118 Phan Huy Ích, Phường 15, Tân Bình, Hồ Chí Minh",high,0.98,Không,ok
179,Tân Bình,11,Nam Hoà,Đất Thánh,6,Tân Bình,Thành phố Hồ Chí Minh,"Chợ Nam Hoà, Đất Thánh, 6, Tân Bình, Thành phố Hồ Chí Minh",10.78299413800005,106.66025736000006,Goong Place Detail (POI),Chợ Nam Hòa,"Chợ Nam Hòa, Đất Thánh, Phường 6, Tân Bình, Hồ Chí Minh",high,1,Không,ok
180,Tân Bình,12,Trần Văn Quang,77/32A Trần Văn Quang,10,Tân Bình,Thành phố Hồ Chí Minh,"Chợ Trần Văn Quang, 77/32A Trần Văn Quang, 10, Tân Bình, Thành phố Hồ Chí Minh",10.778697730000033,106.64693721800006,Goong Place Detail (POI),Chợ Trần Văn Quang,"Chợ Trần Văn Quang, 32 Hẻm 77 Trần Văn Quang, Phường 10, Tân Bình, Hồ Chí Minh",high,0.98,Không,ok
181,Tân Bình,13,Bàu Cát,205A Nguyễn Hồng Đào,14,Tân Bình,Thành phố Hồ Chí Minh,"Chợ Bàu Cát, 205A Nguyễn Hồng Đào, 14, Tân Bình, Thành phố Hồ Chí Minh",10.7917707,106.6418104,Goong Place Detail (POI),Chợ Bàu Cát,"Chợ Bàu Cát, 85 Đ. Nguyễn Hồng Đào, Phường 14, Tân Bình, Hồ Chí Minh",high,0.975,Không,ok
182,Tân Bình,14,Tân Trụ,Nguyễn Sỹ Sách,15,Tân Bình,Thành phố Hồ Chí Minh,"Chợ Tân Trụ, Nguyễn Sỹ Sách, 15, Tân Bình, Thành phố Hồ Chí Minh",10.819038823000028,106.63396057900007,Goong Geocode (địa chỉ),Chợ Tân Trụ,"15 Nguyễn Sỹ Sách, Phường 15, Tân Bình, Hồ Chí Minh",medium,1,Có,ok
184,Tân Phú,1,Tân Hương,198 Tân Hương,Tân Qúy,Tân Phú,Thành phố Hồ Chí Minh,"Chợ Tân Hương, 198 Tân Hương, Tân Qúy, Tân Phú, Thành phố Hồ Chí Minh",10.79024400000003,106.62279200000006,Goong Place Detail (POI),Chợ Tân Hương,"Chợ Tân Hương, 198 Tân Hương, Tân Quý, Tân Phú, Hồ Chí Minh",high,1,Không,ok
185,Tân Phú,2,Tân Phú 2,16 Hoàng Ngọc Phách,Phú Hòa Thọ,Tân Phú,Thành phố Hồ Chí Minh,"Chợ Tân Phú 2, 16 Hoàng Ngọc Phách, Phú Hòa Thọ, Tân Phú, Thành phố Hồ Chí Minh",10.7842758,106.6253399,Goong Geocode (địa chỉ),Nhà thờ Tân Phú Hòa,"16, Đường Hoàng Ngọc Phách, Thành phố Hồ Chí Minh, Hồ Chí Minh",medium,0.5092,Có,ok
186,Tân Phú,3,Phú Trung,49/26 Trịnh Đình Trọng,Phú Trung,Tân Phú,Thành phố Hồ Chí Minh,"Chợ Phú Trung, 49/26 Trịnh Đình Trọng, Phú Trung, Tân Phú, Thành phố Hồ Chí Minh",10.7738106,106.6432188,Goong Place Detail (POI),Chợ Phú Trung,"49, 24 Trịnh Đình Trọng, Tân Phú, Hồ Chí Minh",high,0.96,Không,ok
187,Tân Phú,4,Tân Phú 1,"Độc Lập, khu phố 2",Tân Thành,Tân Phú,Thành phố Hồ Chí Minh,"Chợ Tân Phú 1, Độc Lập, khu phố 2, Tân Thành, Tân Phú, Thành phố Hồ Chí Minh",10.79123640000006,106.63622558300005,Goong Place Detail (POI),Chợ Tân Phú,"Chợ Tân Phú, Độc Lập, Tân Thành, Tân Phú, Hồ Chí Minh",high,0.935,Không,ok
188,Tân Phú,5,Sơn Kỳ,39 Bờ Bao Tân Thắng,Sơn Kỳ,Tân Phú,Thành phố Hồ Chí Minh,"Chợ Sơn Kỳ, 39 Bờ Bao Tân Thắng, Sơn Kỳ, Tân Phú, Thành phố Hồ Chí Minh",10.805905988000063,106.62242206200006,Goong Place Detail (POI),Chợ Sơn Kỳ,"Chợ Sơn Kỳ, 39 Bờ Bao Tân Thắng, Sơn Kỳ, Tân Phú, Hồ Chí Minh",high,1,Không,ok
189,Tân Phú,6,Hiệp Tân,68A Cây Keo,Hiệp Tân,Tân Phú,Thành phố Hồ Chí Minh,"Chợ Hiệp Tân, 68A Cây Keo, Hiệp Tân, Tân Phú, Thành phố Hồ Chí Minh",10.771752424000056,106.62963092300004,Goong Place Detail (POI),Chợ Hiệp Tân,"Chợ Hiệp Tân, 70 Cây Keo, Hiệp Tân, Tân Phú, Hồ Chí Minh",high,0.9667,Không,ok
191,Bình Chánh,1,Vĩnh Lộc,"D19/28 Hương Lộ 80, ấp 4",Vĩnh Lộc B,Bình Chánh,Thành phố Hồ Chí Minh,"Chợ Vĩnh Lộc, D19/28 Hương Lộ 80, ấp 4, Vĩnh Lộc B, Bình Chánh, Thành phố Hồ Chí Minh",10.8092999,106.5741925,Goong Geocode (địa chỉ),Chợ Vĩnh Lộc,"Công Ty TNHH SXTM Liên Thành Phát, D19/31 Hương lộ 80, ấp 4, xã Vĩnh Lộc B, Âp 4،, Bình Chánh, Hồ Chí Minh",medium,0.9,Có,ok
192,Bình Chánh,2,Bình Chánh,"20A Quốc lộ 1A, ấp 4",Bình Chánh,Bình Chánh,Thành phố Hồ Chí Minh,"Chợ Bình Chánh, 20A Quốc lộ 1A, ấp 4, Bình Chánh, Bình Chánh, Thành phố Hồ Chí Minh",10.665873227000077,106.57159023900005,Goong Place Detail (POI),Chợ Bình Chánh,"Chợ Bình Chánh, Quốc Lộ 1A, Bình Chánh, Bình Chánh, Hồ Chí Minh",high,0.96,Không,ok
193,Bình Chánh,3,Chợ tạm Bình Hưng,"C7/26 Phạm Hùng, ấp 4A",Bình Hưng,Bình Chánh,Thành phố Hồ Chí Minh,"Chợ tạm Bình Hưng, C7/26 Phạm Hùng, ấp 4A, Bình Hưng, Bình Chánh, Thành phố Hồ Chí Minh",10.72696152800006,106.65211199900006,Goong Place Detail (POI),Chợ tạm Bình Hưng,"Chợ tạm Bình Hưng, Đường Số 10, Khu dân cư Bình Hưng, Bình Hưng, Bình Chánh, Hồ Chí Minh",high,0.9167,Không,ok
194,Bình Chánh,4,Chợ Đệm,"A13/2 Hương Lộ 8, Khu phố 1",Tân Túc,Bình Chánh,Thành phố Hồ Chí Minh,"Chợ Đệm, A13/2 Hương Lộ 8, Khu phố 1, Tân Túc, Bình Chánh, Thành phố Hồ Chí Minh",10.692612330000031,106.57806179300007,Goong Place Detail (POI),Chợ Đệm,"Chợ Đệm, Nguyễn Hữu Trí, Tân Túc, Bình Chánh, Hồ Chí Minh",high,0.9,Không,ok
195,Bình Chánh,5,Đông Thành,Ấp 4,Bình Chánh,Bình Chánh,Thành phố Hồ Chí Minh,"Chợ Đông Thành, Ấp 4, Bình Chánh, Bình Chánh, Thành phố Hồ Chí Minh",10.66478248900006,106.57221983600004,Goong Geocode (địa chỉ),Đường Vĩnh Lộc,"ấp 4, Bình Chánh, Bình Chánh, Hồ Chí Minh",medium,0.6217,Có,ok
196,Bình Chánh,6,Tân Đoàn Việt (Phong Phú),"B5/120B Quốc Lộ 50, ấp 2",Phong Phú,Bình Chánh,Thành phố Hồ Chí Minh,"Chợ Tân Đoàn Việt (Phong Phú), B5/120B Quốc Lộ 50, ấp 2, Phong Phú, Bình Chánh, Thành phố Hồ Chí Minh",10.690690714000027,106.65389467500006,Goong Place Detail (POI),Chợ Tân Đoàn Việt,"Chợ Tân Đoàn Việt, B5/119 Quốc Lộ 50, Phong Phú, Bình Chánh, Hồ Chí Minh",high,0.7923,Không,ok
197,Bình Chánh,7,chợ tạm ấp 2,Ấp 2,Bình Hưng,Bình Chánh,Thành phố Hồ Chí Minh,"chợ tạm ấp 2, Ấp 2, Bình Hưng, Bình Chánh, Thành phố Hồ Chí Minh",10.717763450000064,106.65583144900006,Goong Geocode (địa chỉ),Đường Tạ Quang Bửu,"ấp 2, Bình Hưng, Bình Chánh, Hồ Chí Minh",medium,0.5773,Không,ok
198,Bình Chánh,8,Hưng Long,D16/4 ẤP 4,Hưng Long,Bình Chánh,Thành phố Hồ Chí Minh,"Chợ Hưng Long, D16/4 ẤP 4, Hưng Long, Bình Chánh, Thành phố Hồ Chí Minh",10.6579453,106.6081537,Goong Place Detail (POI),Chợ Hưng Long,"Chợ Hưng Long, 40 ấp 4, Đoàn Nguyễn Tuấn, Hưng Long, Bình Chánh, Hồ Chí Minh",high,0.95,Không,ok
199,Bình Chánh,9,Cầu Xáng,"18 đường Thanh Niên, ấp 3",Phạm Văn Hai,Bình Chánh,Thành phố Hồ Chí Minh,"Chợ Cầu Xáng, 18 đường Thanh Niên, ấp 3, Phạm Văn Hai, Bình Chánh, Thành phố Hồ Chí Minh",10.791141874000061,106.51494796400004,Goong Place Detail (POI),Chợ Cầu Xáng,"Chợ Cầu Xáng, Thanh Niên, Ấp 3, Phạm Văn Hai, Bình Chánh, Hồ Chí Minh",high,0.95,Không,ok
200,Bình Chánh,10,Lê Minh Xuân,Ấp 5,Lê Minh xuân,Bình Chánh,Thành phố Hồ Chí Minh,"Chợ Lê Minh Xuân, Ấp 5, Lê Minh xuân, Bình Chánh, Thành phố Hồ Chí Minh",10.7859622,106.5527561,Goong Place Detail (POI),Chợ lê minh xuân,"Chợ lê minh xuân, ấp 5, Bình Chánh, Ho Chi Minh City",high,1,Không,ok
201,Bình Chánh,11,Tân Nhựt,Ấp 6 (Cống kênh C),Tân Nhựt,Bình Chánh,Thành phố Hồ Chí Minh,"Chợ Tân Nhựt, Ấp 6 (Cống kênh C), Tân Nhựt, Bình Chánh, Thành phố Hồ Chí Minh",10.705556125000044,106.56434346500004,Goong Place Detail (POI),Chợ Tân Nhựt,"Chợ Tân Nhựt, Thế Lữ, Tân Nhựt, Bình Chánh, Hồ Chí Minh",high,0.9,Không,ok
202,Bình Chánh,12,Bà Lát,"Ngã tư Bà Lát, đường lộ 80 và đường tỉnh lộ 10, ấp 1",Phạm Văn Hai,Bình Chánh,Thành phố Hồ Chí Minh,"Chợ Bà Lát, Ngã tư Bà Lát, đường lộ 80 và đường tỉnh lộ 10, ấp 1, Phạm Văn Hai, Bình Chánh, Thành phố Hồ Chí Minh",10.770933784000022,106.55135246300006,Goong Place Detail (POI),Chợ Bà Lát,"Chợ Bà Lát, 1A/246/4 Trần Văn Giàu, Phạm Văn Hai, Bình Chánh, Hồ Chí Minh",high,0.9182,Không,ok
203,Bình Chánh,13,Quy Đức,"Tổ 5, ấp 1, Quốc Lộ 50",Quy Đức,Bình Chánh,Thành phố Hồ Chí Minh,"Chợ Quy Đức, Tổ 5, ấp 1, Quốc Lộ 50, Quy Đức, Bình Chánh, Thành phố Hồ Chí Minh",10.6481071,106.6558407,Goong Place Detail (POI),Bưu Điện Quy Đức,"Bưu Điện Quy Đức, Quốc lộ 50, Ấp 1, Qui Đức, Bình Chánh, Hồ Chí Minh",high,0.7213,Không,ok
204,Bình Chánh,14,Thuận Đạt,Âp 6,Hưng Long,Bình Chánh,Thành phố Hồ Chí Minh,"Chợ Thuận Đạt, Âp 6, Hưng Long, Bình Chánh, Thành phố Hồ Chí Minh",10.677298759000053,106.61734926600008,Goong Place Detail (POI),Chợ Thuận Đạt,"Chợ Thuận Đạt, An Phú Tây - Hưng Long, Hưng Long, Bình Chánh, Hồ Chí Minh",high,0.9,Không,ok
205,Bình Chánh,15,Vĩnh Lộc A (Chợ ấp 4),"Ấp 4, Quách Điêu",Vĩnh Lộc A,Bình Chánh,Thành phố Hồ Chí Minh,"Chợ Vĩnh Lộc A (Chợ ấp 4), Ấp 4, Quách Điêu, Vĩnh Lộc A, Bình Chánh, Thành phố Hồ Chí Minh",10.8166335,106.5759922,Goong Geocode (địa chỉ),Chợ Vĩnh Lộc A,"ấp 4, 7 Quách Điêu, Vĩnh Lộc A, Bình Chánh, Hồ Chí Minh",medium,0.6342,Không,ok
207,Cần Giờ,1,Tam Thôn Hiệp,Ấp An Lộc,Tam Thôn Hiệp,Cần Giờ,Thành phố Hồ Chí Minh,"Chợ Tam Thôn Hiệp, Ấp An Lộc, Tam Thôn Hiệp, Cần Giờ, Thành phố Hồ Chí Minh",10.603741,106.8596025,Goong Place Detail (POI),Chọ Tam Thôn Hiệp,"JV35+FRX, Tam Thôn Hiệp, ấp An Hòa, Bình Khánh, Hồ Chí Minh",high,0.8667,Không,ok
208,Cần Giờ,2,Đồng Hòa,Ấp Đồng Hòa,Long Hòa,Cần Giờ,Thành phố Hồ Chí Minh,"Chợ Đồng Hòa, Ấp Đồng Hòa, Long Hòa, Cần Giờ, Thành phố Hồ Chí Minh",10.379154755000059,106.87911687900004,Goong Place Detail (POI),Chợ Đồng Hòa,"Chợ Đồng Hòa, Long Hòa, Cần Giờ, Hồ Chí Minh",high,0.9667,Không,ok
209,Cần Giờ,3,Long Thạnh,Ấp Long Thạnh,Long Hòa,Cần Giờ,Thành phố Hồ Chí Minh,"Chợ Long Thạnh, Ấp Long Thạnh, Long Hòa, Cần Giờ, Thành phố Hồ Chí Minh",10.384861732000047,106.91094616600009,Goong Place Detail (POI),Chợ Long Thạnh,"Chợ Long Thạnh, Long Hòa, Cần Giờ, Hồ Chí Minh",high,0.95,Không,ok
210,Cần Giờ,4,An Thới Đông,Ấp An Đông (Tổ 3 Ấp An Bình),An Thới Đông,Cần Giờ,Thành phố Hồ Chí Minh,"Chợ An Thới Đông, Ấp An Đông (Tổ 3 Ấp An Bình), An Thới Đông, Cần Giờ, Thành phố Hồ Chí Minh",11.0333493,106.3787583,Goong Geocode (địa chỉ),Chốt BVR An Đông,"An Bình, An Tịnh, Thành phố Hồ Chí Minh, Tây Ninh",medium,0.6893,Không,ok
211,Cần Giờ,5,Bình Khánh,Rừng Sác (Ấp Bình Thuận),Bình Khánh,Cần Giờ,Thành phố Hồ Chí Minh,"Chợ Bình Khánh, Rừng Sác (Ấp Bình Thuận), Bình Khánh, Cần Giờ, Thành phố Hồ Chí Minh",10.665542066000057,106.77529822500009,Goong Place Detail (POI),Chợ Bình Khánh,"Chợ Bình Khánh, Rừng Sác, Bình Khánh, Cần Giờ, Hồ Chí Minh",high,0.96,Không,ok
212,Cần Giờ,6,Cần Giờ,"Duyên Hải, khu phố Hưng Thạnh",Cần Thạnh,Cần Giờ,Thành phố Hồ Chí Minh,"Chợ Cần Giờ, Duyên Hải, khu phố Hưng Thạnh, Cần Thạnh, Cần Giờ, Thành phố Hồ Chí Minh",10.417343238000058,106.97174810300004,Goong Place Detail (POI),Chợ Cần Giờ,"Chợ Cần Giờ, Duyên Hải, Cần Thạnh, Cần Giờ, Hồ Chí Minh",high,0.95,Không,ok
213,Cần Giờ,7,Hàng Dương,"150 đường Thạnh Thới, ấp Long Thạnh",Long Hòa,Cần Giờ,Thành phố Hồ Chí Minh,"Chợ Hàng Dương, 150 đường Thạnh Thới, ấp Long Thạnh, Long Hòa, Cần Giờ, Thành phố Hồ Chí Minh",10.387034380000046,106.91938868600005,Goong Place Detail (POI),Chợ Hàng Dương,"Chợ Hàng Dương, Thạnh Thới, Long Hòa, Cần Giờ, Hồ Chí Minh",high,0.96,Không,ok
214,Cần Giờ,8,Hòa Hiệp,Ấp Hòa Hiệp,Long Hòa,Cần Giờ,Thành phố Hồ Chí Minh,"Chợ Hòa Hiệp, Ấp Hòa Hiệp, Long Hòa, Cần Giờ, Thành phố Hồ Chí Minh",10.402955932000054,106.92381389500008,Goong Place Detail (POI),Chợ Hòa Hiệp,"Chợ Hòa Hiệp, Long Hòa, Cần Giờ, Hồ Chí Minh",high,0.9667,Không,ok
215,Cần Giờ,9,Lý Nhơn,Ấp Lý Thái Bửu,Lý Nhơn,Cần Giờ,Thành phố Hồ Chí Minh,"Chợ Lý Nhơn, Ấp Lý Thái Bửu, Lý Nhơn, Cần Giờ, Thành phố Hồ Chí Minh",10.47266014400003,106.76773964500006,Goong Geocode (địa chỉ),Chùa Nhơn Hòa,"Lý Thái Bửu, Lý Nhơn, Cần Giờ, Hồ Chí Minh",medium,0.6767,Không,ok
217,Củ Chi,1,Lô 6,Ấp Lô 6,An Nhơn Tây,Củ Chi,Thành phố Hồ Chí Minh,"Chợ Lô 6, Ấp Lô 6, An Nhơn Tây, Củ Chi, Thành phố Hồ Chí Minh",11.059215400000028,106.47561370000005,Goong Place Detail (POI),Chợ Lô 6,"Chợ Lô 6, Tỉnh Lộ 7, An Nhơn Tây, Củ Chi, Hồ Chí Minh",high,0.95,Không,ok
218,Củ Chi,2,An Phú (Trụ Vàng),Ấp An Hòa,An Phú,Củ Chi,Thành phố Hồ Chí Minh,"Chợ An Phú (Trụ Vàng), Ấp An Hòa, An Phú, Củ Chi, Thành phố Hồ Chí Minh",11.111520969000026,106.49388414800006,Goong Geocode (địa chỉ),Chợ An Phú,"An Hòa, An Phú, Củ Chi, Hồ Chí Minh",medium,0.7054,Không,ok
219,Củ Chi,3,Hòa Phú,"Tỉnh lộ 8, ấp 2",Hòa Phú,Củ Chi,Thành phố Hồ Chí Minh,"Chợ Hòa Phú, Tỉnh lộ 8, ấp 2, Hòa Phú, Củ Chi, Thành phố Hồ Chí Minh",10.979392155000028,106.61760767300007,Goong Place Detail (POI),Chợ Hòa Phú,"Chợ Hòa Phú, Tỉnh Lộ 8, Hòa Phú, Củ Chi, Hồ Chí Minh",high,0.9667,Không,ok
220,Củ Chi,4,Phạm Văn Cội,Ấp 3,Phạm Văn Cội,Củ Chi,Thành phố Hồ Chí Minh,"Chợ Phạm Văn Cội, Ấp 3, Phạm Văn Cội, Củ Chi, Thành phố Hồ Chí Minh",11.035293926000065,106.52309378100006,Goong Place Detail (POI),Chợ Phạm Văn Cội,"Chợ Phạm Văn Cội, Phạm Văn Cội, Ấp 3, Phạm Văn Cội, Củ Chi, Hồ Chí Minh",high,1,Không,ok
221,Củ Chi,5,Chợ chiều Tân Thạnh Đông,"Tỉnh lộ 15, ấp 14 (Ấp 3B, xã Tân Thạnh Đông)",Tân Thạnh Đông,Củ Chi,Thành phố Hồ Chí Minh,"Chợ chiều Tân Thạnh Đông, Tỉnh lộ 15, ấp 14 (Ấp 3B, xã Tân Thạnh Đông), Tân Thạnh Đông, Củ Chi, Thành phố Hồ Chí Minh",10.9598713,106.5978014,Goong Place Detail (POI),Chợ chiều Tân Thạnh Đông,"Chợ chiều Tân Thạnh Đông, Đường Tỉnh Lộ 15, Ấp 3B, Tân Thạnh Đông, Củ Chi, Hồ Chí Minh",high,0.9875,Không,ok
222,Củ Chi,6,Tân Thạnh Tây,"Tỉnh lộ 8, ấp 1A",Tân Thạnh Tây,Củ Chi,Thành phố Hồ Chí Minh,"Chợ Tân Thạnh Tây, Tỉnh lộ 8, ấp 1A, Tân Thạnh Tây, Củ Chi, Thành phố Hồ Chí Minh",10.9643293,106.4844753,Goong Place Detail (POI),Tan thanh tay,"381A TL8, ấp tây, Tân An Hội, Hồ Chí Minh",high,0.875,Không,ok
223,Củ Chi,7,Trung An,Ấp Chợ,Trung An,Củ Chi,Thành phố Hồ Chí Minh,"Chợ Trung An, Ấp Chợ, Trung An, Củ Chi, Thành phố Hồ Chí Minh",10.992405714000029,106.58943027400005,Goong Place Detail (POI),Gốm Trung An,"Gốm Trung An, 314, Ấp Chợ Trung An, Trung An, Củ Chi, Hồ Chí Minh",high,0.8633,Không,ok
224,Củ Chi,8,Trung Lập Hạ (Tân Trung Hạ),Ấp Xóm Mới,Trung Lập Hạ,Củ Chi,Thành phố Hồ Chí Minh,"Chợ Trung Lập Hạ (Tân Trung Hạ), Ấp Xóm Mới, Trung Lập Hạ, Củ Chi, Thành phố Hồ Chí Minh",11.011342132000038,106.47049894300005,Goong Geocode (địa chỉ),Chợ Trung Lập Hạ,"Xóm Mới, Trung Lập Hạ, Củ Chi, Hồ Chí Minh",medium,0.7352,Có,ok
225,Củ Chi,9,Trung Lập Thượng,Ấp Trung Hiệp Thạnh,Trung Lập Thượng,Củ Chi,Thành phố Hồ Chí Minh,"Chợ Trung Lập Thượng, Ấp Trung Hiệp Thạnh, Trung Lập Thượng, Củ Chi, Thành phố Hồ Chí Minh",11.0500842,106.4551379,Goong Place Detail (POI),Chợ Trung Lập Thượng,"Chợ Trung Lập Thượng, Tỉnh lộ 7, Trung Lập Thượng, Củ Chi, Hồ Chí Minh",high,0.9333,Không,ok
226,Củ Chi,10,Phước Thạnh,"Quốc lộ 22, Ấp Chợ",Phước Thạnh,Củ Chi,Thành phố Hồ Chí Minh,"Chợ Phước Thạnh, Quốc lộ 22, Ấp Chợ, Phước Thạnh, Củ Chi, Thành phố Hồ Chí Minh",11.0057669,106.4281464,Goong Place Detail (POI),Chợ Phước Thạnh,"Chợ Phước Thạnh, Phước Thạnh, Củ Chi, Hồ Chí Minh",high,0.9,Không,ok
227,Củ Chi,11,An Nhơn Tây,Ấp Chợ Cũ,An Nhơn Tây,Củ Chi,Thành phố Hồ Chí Minh,"Chợ An Nhơn Tây, Ấp Chợ Cũ, An Nhơn Tây, Củ Chi, Thành phố Hồ Chí Minh",11.087830610000026,106.51253745800005,Goong Geocode (địa chỉ),Gym An Nhơn Tây,"UBND xã An Nhơn Tây, 1407 Tỉnh Lộ 7, Ấp Chợ, An Nhơn Tây, Củ Chi, Hồ Chí Minh",medium,0.8865,Không,ok
228,Củ Chi,12,Phú Hòa Đông,"Tỉnh lộ 15, ấp Chợ",Phú Hòa Đông,Củ Chi,Thành phố Hồ Chí Minh,"Chợ Phú Hòa Đông, Tỉnh lộ 15, ấp Chợ, Phú Hòa Đông, Củ Chi, Thành phố Hồ Chí Minh",11.025161182000033,106.56461242400007,Goong Geocode (địa chỉ),Chợ Phú Hòa Đông,"Tiệm Đồ Sư Loan Phụng, 157 Tỉnh Lộ 15, Ấp Chợ, Phú Hòa Đông, Củ Chi, Hồ Chí Minh",medium,0.8,Có,ok
229,Củ Chi,13,Chợ sáng Tân Phú Trung,"Quốc lộ 22, ấp Chợ (QL22, Ấp Đình)",Tân Phú Trung,Củ Chi,Thành phố Hồ Chí Minh,"Chợ sáng Tân Phú Trung, Quốc lộ 22, ấp Chợ (QL22, Ấp Đình), Tân Phú Trung, Củ Chi, Thành phố Hồ Chí Minh",10.940437172000031,106.53912470800009,Goong Place Detail (POI),Chợ Tân Phú Trung,"Chợ Tân Phú Trung, Quốc Lộ 22, Tân Phú Trung, Củ Chi, Hồ Chí Minh",high,0.8463,Không,ok
230,Củ Chi,14,Chợ sáng Tân Thạnh Đông,"Tỉnh lộ 15, ấp 11",Tân Thạnh Đông,Củ Chi,Thành phố Hồ Chí Minh,"Chợ sáng Tân Thạnh Đông, Tỉnh lộ 15, ấp 11, Tân Thạnh Đông, Củ Chi, Thành phố Hồ Chí Minh",10.9475179,106.6065122,Goong Place Detail (POI),Chợ Sáng Tân Thạnh Đông,"Chợ Sáng Tân Thạnh Đông, Bến Than, Tân Thạnh Đông, Củ Chi, Hồ Chí Minh",high,0.9,Không,ok
231,Củ Chi,15,Tân Thông Hội,"Liêu Bình Hương, ấp Tân Tiến",Tân Thông Hội,Củ Chi,Thành phố Hồ Chí Minh,"Chợ Tân Thông Hội, Liêu Bình Hương, ấp Tân Tiến, Tân Thông Hội, Củ Chi, Thành phố Hồ Chí Minh",10.963182390000043,106.50407773300009,Goong Place Detail (POI),Chợ Tân Thông Hội,"Chợ Tân Thông Hội, Liêu Bình Hương, Tân Thông Hội, Củ Chi, Hồ Chí Minh",high,0.9667,Không,ok
232,Củ Chi,16,Củ Chi,"Quốc lộ 22, khu phố 5",Thị trấn Củ Chi,Củ Chi,Thành phố Hồ Chí Minh,"Chợ Củ Chi, Quốc lộ 22, khu phố 5, Thị trấn Củ Chi, Củ Chi, Thành phố Hồ Chí Minh",10.970349018000036,106.48239304800006,Goong Place Detail (POI),Chợ Củ Chi,"Chợ Củ Chi, Quốc Lộ 22, Củ Chi, Củ Chi, Hồ Chí Minh",high,0.975,Không,ok
233,Củ Chi,17,Bình Mỹ,"đường Tỉnh lộ 9, tổ 8, ấp 1",Bình Mỹ,Củ Chi,Thành phố Hồ Chí Minh,"Chợ Bình Mỹ, đường Tỉnh lộ 9, tổ 8, ấp 1, Bình Mỹ, Củ Chi, Thành phố Hồ Chí Minh",10.968443198000045,106.63955086000004,Goong Place Detail (POI),Chợ Bình Mỹ,"Chợ Bình Mỹ, 410 Hà Duy Phiên, Ấp 1, Bình Mỹ, Củ Chi, Hồ Chí Minh",high,0.92,Không,ok
235,Hóc Môn,1,Chợ Đầu mối Nông sản thực phẩm Hóc Môn,"Nguyễn Thị Sóc, ấp Mỹ Hòa 4",Xuân Thới Đông,Hóc Môn,Thành phố Hồ Chí Minh,"Chợ Đầu mối Nông sản thực phẩm Hóc Môn, Nguyễn Thị Sóc, ấp Mỹ Hòa 4, Xuân Thới Đông, Hóc Môn, Thành phố Hồ Chí Minh",10.859580863000076,106.60127409500006,Goong Place Detail (POI),Chợ nông sản Hóc Môn,"Chợ Đầu mối Nông sản Thực phẩm Tân Xuân, 14/7A Nguyễn Thị Sóc, Ấp Mỹ Hòa 4, Xuân Thới Đông, Hóc Môn, Hồ Chí Minh",high,0.8577,Không,ok
236,Hóc Môn,2,Nhị Xuân,"Nguyễn Văn Bứa, ấp 5",Xuân Thới Sơn,Hóc Môn,Thành phố Hồ Chí Minh,"Chợ Nhị Xuân, Nguyễn Văn Bứa, ấp 5, Xuân Thới Sơn, Hóc Môn, Thành phố Hồ Chí Minh",10.871579674000031,106.53721326200008,Goong Place Detail (POI),Chợ Nhị Xuân,"Chợ Nhị Xuân, Nguyễn Văn Bứa, Xuân Thới Sơn, Hóc Môn, Hồ Chí Minh",high,0.975,Không,ok
237,Hóc Môn,3,Trung Chánh,"Nguyễn Ảnh Thủ, ấp Trung Chánh 1",Trung Chánh,Hóc Môn,Thành phố Hồ Chí Minh,"Chợ Trung Chánh, Nguyễn Ảnh Thủ, ấp Trung Chánh 1, Trung Chánh, Hóc Môn, Thành phố Hồ Chí Minh",10.860594792000029,106.60999889900006,Goong Place Detail (POI),Chợ Trung Chánh,"Chợ Trung Chánh, Nguyễn Ảnh Thủ, Trung Chánh, Hóc Môn, Hồ Chí Minh",high,0.9833,Không,ok
238,Hóc Môn,4,Đình (Xuân Thới Sơn),"Nguyễn Văn Bứa, ấp 2",Xuân Thới Sơn,Hóc Môn,Thành phố Hồ Chí Minh,"Chợ Đình (Xuân Thới Sơn), Nguyễn Văn Bứa, ấp 2, Xuân Thới Sơn, Hóc Môn, Thành phố Hồ Chí Minh",10.88152087800006,106.58321460500008,Goong Geocode (địa chỉ),Xã Xuân Thới Sơn,"Đình Hòa Bình, Nguyễn Văn Bứa, Ấp 2, Xuân Thới Sơn, Hóc Môn, Hồ Chí Minh",medium,0.7779,Không,ok
239,Hóc Môn,5,Xuân Thới Thượng,"Phan Văn Hớn, ấp 5",Xuân Thới Thượng,Hóc Môn,Thành phố Hồ Chí Minh,"Chợ Xuân Thới Thượng, Phan Văn Hớn, ấp 5, Xuân Thới Thượng, Hóc Môn, Thành phố Hồ Chí Minh",10.8636449,106.5689113,Goong Place Detail (POI),Chợ Xuân Thới Thượng,"44 Xuân Thới Thượng 4 - 1, Bà Điểm, Hồ Chí Minh",high,0.8,Không,ok
240,Hóc Môn,6,Đông Thạnh,"Đặng Thúc Vinh, ấp 7",Đông Thạnh,Hóc Môn,Thành phố Hồ Chí Minh,"Chợ Đông Thạnh, Đặng Thúc Vinh, ấp 7, Đông Thạnh, Hóc Môn, Thành phố Hồ Chí Minh",10.9041919,106.6365834,Goong Place Detail (POI),Chợ đông thạnh,"Chợ đông thạnh, 249 Đặng Thúc Vịnh ấp 7, Đông Thạnh, Hóc Môn, Hồ Chí Minh",high,1,Không,ok
241,Hóc Môn,7,Bùi Môn,"Quốc lộ 22, ấp Tân Tiến",Xuân Thới Đông,Hóc Môn,Thành phố Hồ Chí Minh,"Chợ Bùi Môn, Quốc lộ 22, ấp Tân Tiến, Xuân Thới Đông, Hóc Môn, Thành phố Hồ Chí Minh",10.869514342000059,106.59651445400004,Goong Place Detail (POI),Chợ Bùi Môn,"Chợ Bùi Môn, Xuân Thới Đông, Hóc Môn, Hồ Chí Minh",high,0.9,Không,ok
242,Hóc Môn,8,Tân Mỹ,"Quốc lộ 22, ấp Tân Tiến",Xuân Thới Đông,Hóc Môn,Thành phố Hồ Chí Minh,"Chợ Tân Mỹ, Quốc lộ 22, ấp Tân Tiến, Xuân Thới Đông, Hóc Môn, Thành phố Hồ Chí Minh",10.8570285,106.6053766,Goong Place Detail (POI),Chợ tân mỹ,"Chợ tân mỹ, Đường A, Xuân Thới Đông, Hóc Môn, Hồ Chí Minh",high,0.9167,Không,ok
243,Hóc Môn,9,Bà Điểm,"Phan Văn Hớn, ấp Trung Lân",Bà Điểm,Hóc Môn,Thành phố Hồ Chí Minh,"Chợ Bà Điểm, Phan Văn Hớn, ấp Trung Lân, Bà Điểm, Hóc Môn, Thành phố Hồ Chí Minh",10.8389854,106.6008906,Goong Geocode (địa chỉ),Ba Diem Market,"Pharmacy Quang Huy, 1/4 Phan Văn Hớn, ấp Trung Lân, Bà Điểm, Hóc Môn, Hồ Chí Minh",medium,0.95,Không,ok
244,Hóc Môn,10,Nhị Bình,Bùi Công Trừng - Ấp 3,Nhị Bình,Hóc Môn,Thành phố Hồ Chí Minh,"Chợ Nhị Bình, Bùi Công Trừng - Ấp 3, Nhị Bình, Hóc Môn, Thành phố Hồ Chí Minh",10.9108564,106.6838154,Goong Place Detail (POI),Chợ Nhị Bình,"WM6M+8GW, Bùi Công Trừng, Đông Thạnh, Hồ Chí Minh",high,0.875,Không,ok
245,Hóc Môn,11,Hóc Môn,"Trương Nữ Vương, khu phố 5",Thị trấn Hóc Môn,Hóc Môn,Thành phố Hồ Chí Minh,"Chợ Hóc Môn, Trương Nữ Vương, khu phố 5, Thị trấn Hóc Môn, Hóc Môn, Thành phố Hồ Chí Minh",10.888181835000069,106.59619125300009,Goong Geocode (địa chỉ),Chợ hóc môn,"Bobapop, 3/24 Bà Triệu, Khu phố 5, Hóc Môn, Hóc Môn, Hồ Chí Minh",medium,0.835,Không,ok
246,Hóc Môn,12,Tân Thới Nhì,"Quốc lộ 22,  ấp Thống Nhất 2",Tân Thới Nhì,Hóc Môn,Thành phố Hồ Chí Minh,"Chợ Tân Thới Nhì, Quốc lộ 22,  ấp Thống Nhất 2, Tân Thới Nhì, Hóc Môn, Thành phố Hồ Chí Minh",10.893529061000038,106.58053039400005,Goong Geocode (địa chỉ),Chợ Xã Tân Thới Nhì,"Cửa hàng Hoa Kiểng Mỹ Lan, Quốc Lộ 22, Ấp Thống Nhất 1, Tân Thới Nhì, Hóc Môn, Hồ Chí Minh",medium,0.8674,Có,ok
247,Hóc Môn,13,Đại Hải,"Phan Văn Hớn, ấp 3",Xuân Thới Thượng,Hóc Môn,Thành phố Hồ Chí Minh,"Chợ Đại Hải, Phan Văn Hớn, ấp 3, Xuân Thới Thượng, Hóc Môn, Thành phố Hồ Chí Minh",10.848877888000061,106.58893582700006,Goong Place Detail (POI),Chợ Đại Hải,"Chợ Đại Hải, 68 Phan Văn Hớn, Xuân Thới Thượng, Hóc Môn, Hồ Chí Minh",high,0.975,Không,ok
249,Nhà Bè,1,Cầu Kinh,"Nguyễn Văn Tạo, ấp 1",Hiệp Phước,Nhà Bè,Thành phố Hồ Chí Minh,"Chợ Cầu Kinh, Nguyễn Văn Tạo, ấp 1, Hiệp Phước, Nhà Bè, Thành phố Hồ Chí Minh",10.6364164,106.7350542,Goong Place Detail (POI),Chợ Cầu Kinh,"Chợ Cầu Kinh, Đ. Nguyễn Văn Tạo, Hiệp Phước, Nhà Bè, Hồ Chí Minh",high,0.975,Không,ok
250,Nhà Bè,2,Chợ Ấp 3,"Tổ 4, Ấp 3",Hiệp Phước,Nhà Bè,Thành phố Hồ Chí Minh,"Chợ Ấp 3, Tổ 4, Ấp 3, Hiệp Phước, Nhà Bè, Thành phố Hồ Chí Minh",10.6024545,106.7393322,Goong Place Detail (POI),tổ 4 ấp 3,"tổ 4 ấp 3, Hiệp Phước, Nhà Bè, Hồ Chí Minh",high,0.7782,Không,ok
251,Nhà Bè,3,Bà Chồi,"Nguyễn Văn Tạo, ấp 2",Long Thới,Nhà Bè,Thành phố Hồ Chí Minh,"Chợ Bà Chồi, Nguyễn Văn Tạo, ấp 2, Long Thới, Nhà Bè, Thành phố Hồ Chí Minh",10.65046404800006,106.72991098100005,Goong Place Detail (POI),Chợ Bà Chồi,"Chợ Bà Chồi, Hẻm 348 Nguyễn Văn Tạo, Long Thới, Nhà Bè, Hồ Chí Minh",high,0.975,Không,ok
252,Nhà Bè,4,Bờ Băng,"8/8 Nguyễn Bình, ấp 2",Phú xuân,Nhà Bè,Thành phố Hồ Chí Minh,"Chợ Bờ Băng, 8/8 Nguyễn Bình, ấp 2, Phú xuân, Nhà Bè, Thành phố Hồ Chí Minh",10.6770436,106.7493179,Goong Place Detail (POI),Chợ Bờ Băng,"MPGX+RP8, Nguyễn Bình, Nhà Bè, Hồ Chí Minh",high,0.8267,Không,ok
253,Nhà Bè,5,Rạch Dĩa,"15 Lê Văn Lương, Ấp 5",Phước Kiển,Nhà Bè,Thành phố Hồ Chí Minh,"Chợ Rạch Dĩa, 15 Lê Văn Lương, Ấp 5, Phước Kiển, Nhà Bè, Thành phố Hồ Chí Minh",10.7238004,106.6975699,Goong Place Detail (POI),Chợ Rạch Đỉa,"708 Lê Văn Lương, Ấp 5, huyện Nhà Bè, Hồ Chí Minh",high,0.84,Không,ok
254,Nhà Bè,6,Phước Kiển (chợ Ấp 1),"Ấp 1, Lê Văn Lương",Phước Kiển,Nhà Bè,Thành phố Hồ Chí Minh,"Chợ Phước Kiển (chợ Ấp 1), Ấp 1, Lê Văn Lương, Phước Kiển, Nhà Bè, Thành phố Hồ Chí Minh",10.6918593,106.6997948,Goong Geocode (địa chỉ),Chợ tạm Phước Kiển,"An Nam Kennel, Lê Văn Lương, Ấp 1, Phước Kiển, Nhà Bè, Hồ Chí Minh",medium,0.7445,Có,ok
255,Nhà Bè,7,Phước Lộc,"Đào Sư Tích, ấp 2",Phước Lộc,Nhà Bè,Thành phố Hồ Chí Minh,"Chợ Phước Lộc, Đào Sư Tích, ấp 2, Phước Lộc, Nhà Bè, Thành phố Hồ Chí Minh",10.7047524,106.6882019,Goong Place Detail (POI),Chợ Phước Lộc,"301 Đ. Đào Sư Tích, Nhà Bè, Hồ Chí Minh",high,0.975,Không,ok
256,Nhà Bè,8,Phú Xuân,"Huỳnh Tấn Phát, khu phố 4",Thị trấn Nhà Bè,Nhà Bè,Thành phố Hồ Chí Minh,"Chợ Phú Xuân, Huỳnh Tấn Phát, khu phố 4, Thị trấn Nhà Bè, Nhà Bè, Thành phố Hồ Chí Minh",10.70241379500004,106.73797824100006,Goong Place Detail (POI),Chợ Phú Xuân,"Chợ Phú Xuân, Nhà Bè, Nhà Bè, Hồ Chí Minh",high,0.9,Không,ok
257,Nhà Bè,9,Nhơn Đức,"ấp 4, đường Long Thới",Nhơn Đức,Nhà Bè,Thành phố Hồ Chí Minh,"Chợ Nhơn Đức, ấp 4, đường Long Thới, Nhơn Đức, Nhà Bè, Thành phố Hồ Chí Minh",10.66381870500004,106.69478383200004,Goong Place Detail (POI),Chợ Nhơn Đức,"Chợ Nhơn Đức, Ngô Quang Thắm, Nhơn Đức, Nhà Bè, Hồ Chí Minh",high,0.9,Không,ok
258,Nhà Bè,10,Phước Kiển (chợ Ấp 5),"Ấp 5, Lê Văn Lương",Phước Kiển,Nhà Bè,Thành phố Hồ Chí Minh,"Chợ Phước Kiển (chợ Ấp 5), Ấp 5, Lê Văn Lương, Phước Kiển, Nhà Bè, Thành phố Hồ Chí Minh",10.722964502000025,106.69787182700009,Goong Geocode (địa chỉ),văn phòng phẩm - đồ chơi trẻ em phúc khang,"Bách hóa Xanh, 71 Lê Văn Lương, Ấp 5, Phước Kiển, Nhà Bè, Hồ Chí Minh",medium,0.5327,Không,ok
